#pragma once

inline static const unsigned char DlssNr_cso[] = {
    0x44, 0x58, 0x42, 0x43, 0xce, 0x94, 0x30, 0x42, 0x56, 0x95, 0xaa, 0x1d, 
    0x73, 0x6c, 0x11, 0x59, 0xc4, 0xa1, 0x25, 0x74, 0x01, 0x00, 0x00, 0x00, 
    0xf8, 0x55, 0x00, 0x00, 0x06, 0x00, 0x00, 0x00, 0x38, 0x00, 0x00, 0x00, 
    0x48, 0x00, 0x00, 0x00, 0x58, 0x00, 0x00, 0x00, 0x68, 0x00, 0x00, 0x00, 
    0x98, 0x01, 0x00, 0x00, 0xb4, 0x01, 0x00, 0x00, 0x53, 0x46, 0x49, 0x30, 
    0x08, 0x00, 0x00, 0x00, 0x00, 0x00, 0x00, 0x00, 0x00, 0x00, 0x00, 0x00, 
    0x49, 0x53, 0x47, 0x31, 0x08, 0x00, 0x00, 0x00, 0x00, 0x00, 0x00, 0x00, 
    0x08, 0x00, 0x00, 0x00, 0x4f, 0x53, 0x47, 0x31, 0x08, 0x00, 0x00, 0x00, 
    0x00, 0x00, 0x00, 0x00, 0x08, 0x00, 0x00, 0x00, 0x50, 0x53, 0x56, 0x30, 
    0x28, 0x01, 0x00, 0x00, 0x34, 0x00, 0x00, 0x00, 0x00, 0x00, 0x00, 0x00, 
    0x00, 0x00, 0x00, 0x00, 0x00, 0x00, 0x00, 0x00, 0x00, 0x00, 0x00, 0x00, 
    0x00, 0x00, 0x00, 0x00, 0xff, 0xff, 0xff, 0xff, 0x05, 0x00, 0x00, 0x00, 
    0x00, 0x00, 0x00, 0x00, 0x00, 0x00, 0x00, 0x00, 0x08, 0x00, 0x00, 0x00, 
    0x08, 0x00, 0x00, 0x00, 0x01, 0x00, 0x00, 0x00, 0x01, 0x00, 0x00, 0x00, 
    0x09, 0x00, 0x00, 0x00, 0x18, 0x00, 0x00, 0x00, 0x02, 0x00, 0x00, 0x00, 
    0x00, 0x00, 0x00, 0x00, 0x00, 0x00, 0x00, 0x00, 0x00, 0x00, 0x00, 0x00, 
    0x0d, 0x00, 0x00, 0x00, 0x00, 0x00, 0x00, 0x00, 0x01, 0x00, 0x00, 0x00, 
    0x00, 0x00, 0x00, 0x00, 0x00, 0x00, 0x00, 0x00, 0x00, 0x00, 0x00, 0x00, 
    0x0e, 0x00, 0x00, 0x00, 0x00, 0x00, 0x00, 0x00, 0x03, 0x00, 0x00, 0x00, 
    0x00, 0x00, 0x00, 0x00, 0x00, 0x00, 0x00, 0x00, 0x00, 0x00, 0x00, 0x00, 
    0x02, 0x00, 0x00, 0x00, 0x00, 0x00, 0x00, 0x00, 0x03, 0x00, 0x00, 0x00, 
    0x00, 0x00, 0x00, 0x00, 0x01, 0x00, 0x00, 0x00, 0x01, 0x00, 0x00, 0x00, 
    0x02, 0x00, 0x00, 0x00, 0x00, 0x00, 0x00, 0x00, 0x03, 0x00, 0x00, 0x00, 
    0x00, 0x00, 0x00, 0x00, 0x02, 0x00, 0x00, 0x00, 0x02, 0x00, 0x00, 0x00, 
    0x02, 0x00, 0x00, 0x00, 0x00, 0x00, 0x00, 0x00, 0x03, 0x00, 0x00, 0x00, 
    0x00, 0x00, 0x00, 0x00, 0x03, 0x00, 0x00, 0x00, 0x03, 0x00, 0x00, 0x00, 
    0x02, 0x00, 0x00, 0x00, 0x00, 0x00, 0x00, 0x00, 0x03, 0x00, 0x00, 0x00, 
    0x00, 0x00, 0x00, 0x00, 0x04, 0x00, 0x00, 0x00, 0x04, 0x00, 0x00, 0x00, 
    0x02, 0x00, 0x00, 0x00, 0x00, 0x00, 0x00, 0x00, 0x06, 0x00, 0x00, 0x00, 
    0x00, 0x00, 0x00, 0x00, 0x00, 0x00, 0x00, 0x00, 0x00, 0x00, 0x00, 0x00, 
    0x02, 0x00, 0x00, 0x00, 0x00, 0x00, 0x00, 0x00, 0x06, 0x00, 0x00, 0x00, 
    0x00, 0x00, 0x00, 0x00, 0x01, 0x00, 0x00, 0x00, 0x01, 0x00, 0x00, 0x00, 
    0x02, 0x00, 0x00, 0x00, 0x00, 0x00, 0x00, 0x00, 0x08, 0x00, 0x00, 0x00, 
    0x00, 0x43, 0x53, 0x4d, 0x61, 0x69, 0x6e, 0x00, 0x00, 0x00, 0x00, 0x00, 
    0x48, 0x41, 0x53, 0x48, 0x14, 0x00, 0x00, 0x00, 0x00, 0x00, 0x00, 0x00, 
    0x43, 0xa6, 0x0a, 0x4f, 0x2a, 0x1b, 0x7d, 0x30, 0x3b, 0x18, 0x0d, 0xd3, 
    0xba, 0x14, 0x99, 0x42, 0x44, 0x58, 0x49, 0x4c, 0x3c, 0x54, 0x00, 0x00, 
    0x60, 0x00, 0x05, 0x00, 0x0f, 0x15, 0x00, 0x00, 0x44, 0x58, 0x49, 0x4c, 
    0x00, 0x01, 0x00, 0x00, 0x10, 0x00, 0x00, 0x00, 0x24, 0x54, 0x00, 0x00, 
    0x42, 0x43, 0xc0, 0xde, 0x21, 0x0c, 0x00, 0x00, 0x06, 0x15, 0x00, 0x00, 
    0x0b, 0x82, 0x20, 0x00, 0x02, 0x00, 0x00, 0x00, 0x13, 0x00, 0x00, 0x00, 
    0x07, 0x81, 0x23, 0x91, 0x41, 0xc8, 0x04, 0x49, 0x06, 0x10, 0x32, 0x39, 
    0x92, 0x01, 0x84, 0x0c, 0x25, 0x05, 0x08, 0x19, 0x1e, 0x04, 0x8b, 0x62, 
    0x80, 0x18, 0x45, 0x02, 0x42, 0x92, 0x0b, 0x42, 0xc4, 0x10, 0x32, 0x14, 
    0x38, 0x08, 0x18, 0x4b, 0x0a, 0x32, 0x62, 0x88, 0x48, 0x90, 0x14, 0x20, 
    0x43, 0x46, 0x88, 0xa5, 0x00, 0x19, 0x32, 0x42, 0xe4, 0x48, 0x0e, 0x90, 
    0x11, 0x23, 0xc4, 0x50, 0x41, 0x51, 0x81, 0x8c, 0xe1, 0x83, 0xe5, 0x8a, 
    0x04, 0x31, 0x46, 0x06, 0x51, 0x18, 0x00, 0x00, 0x08, 0x00, 0x00, 0x00, 
    0x1b, 0x8c, 0xe0, 0xff, 0xff, 0xff, 0xff, 0x07, 0x40, 0x02, 0xa8, 0x0d, 
    0x86, 0xf0, 0xff, 0xff, 0xff, 0xff, 0x03, 0x20, 0x01, 0xd5, 0x06, 0x62, 
    0xf8, 0xff, 0xff, 0xff, 0xff, 0x01, 0x90, 0x00, 0x49, 0x18, 0x00, 0x00, 
    0x03, 0x00, 0x00, 0x00, 0x13, 0x82, 0x60, 0x42, 0x20, 0x4c, 0x08, 0x06, 
    0x00, 0x00, 0x00, 0x00, 0x89, 0x20, 0x00, 0x00, 0x7c, 0x00, 0x00, 0x00, 
    0x32, 0x22, 0x88, 0x09, 0x20, 0x64, 0x85, 0x04, 0x13, 0x23, 0xa4, 0x84, 
    0x04, 0x13, 0x23, 0xe3, 0x84, 0xa1, 0x90, 0x14, 0x12, 0x4c, 0x8c, 0x8c, 
    0x0b, 0x84, 0xc4, 0x4c, 0x10, 0xdc, 0xc1, 0x08, 0x40, 0x09, 0x00, 0x0a, 
    0xe6, 0x08, 0xc0, 0xa0, 0x0c, 0xc3, 0x30, 0x10, 0x71, 0xd3, 0x70, 0xf9, 
    0x13, 0xf6, 0x10, 0x92, 0xdf, 0x21, 0x0c, 0xd1, 0x48, 0x88, 0xd3, 0x48, 
    0x88, 0x18, 0x86, 0x61, 0x98, 0x23, 0x40, 0xe8, 0xb8, 0x67, 0xb8, 0xfc, 
    0x09, 0x7b, 0x08, 0xc9, 0x0f, 0x81, 0x66, 0x58, 0x08, 0x14, 0x20, 0x85, 
    0x30, 0x86, 0x64, 0x20, 0xa5, 0x10, 0xc3, 0x30, 0x0c, 0xc4, 0xcc, 0x00, 
    0x14, 0xc2, 0x19, 0x1c, 0x87, 0x9e, 0x32, 0x38, 0x83, 0x43, 0xd1, 0x4d, 
    0xc3, 0xe5, 0x4f, 0xd8, 0x43, 0x48, 0xfe, 0x4a, 0x48, 0x2b, 0x31, 0xf9, 
    0xc5, 0x6d, 0xa3, 0xc2, 0x71, 0x1c, 0x67, 0x28, 0xca, 0x34, 0x24, 0xc3, 
    0x30, 0x0c, 0xc3, 0x30, 0x10, 0x55, 0x10, 0x67, 0x70, 0x1c, 0xc7, 0x71, 
    0x1c, 0xb2, 0xca, 0x02, 0x0c, 0xc9, 0x30, 0x0c, 0x8e, 0xe3, 0x38, 0x07, 
    0x61, 0x85, 0x99, 0x86, 0x24, 0x71, 0x1c, 0xc7, 0x19, 0x86, 0xc1, 0x21, 
    0xad, 0x18, 0xce, 0xe0, 0x38, 0x8e, 0x43, 0xdc, 0x1c, 0x41, 0x50, 0x06, 
    0x6f, 0x70, 0xe8, 0x3b, 0x6a, 0xb8, 0xfc, 0x09, 0x7b, 0x08, 0xc9, 0xe7, 
    0x36, 0xaa, 0x58, 0x89, 0xc9, 0x2f, 0x6e, 0x1b, 0x11, 0x8e, 0xe3, 0x38, 
    0x85, 0x08, 0x87, 0x64, 0x20, 0xf1, 0xa8, 0xe1, 0xf2, 0x27, 0xec, 0x21, 
    0x24, 0x9f, 0xdb, 0xa8, 0x62, 0x25, 0x26, 0x1f, 0xb9, 0x6d, 0x44, 0x0c, 
    0xc3, 0x30, 0x14, 0x82, 0x1c, 0x92, 0x81, 0xca, 0x52, 0x38, 0x83, 0xe3, 
    0x38, 0x74, 0x16, 0x23, 0x19, 0x8e, 0x61, 0xf0, 0x28, 0x1d, 0x08, 0x18, 
    0x46, 0x20, 0x9c, 0x99, 0xda, 0x60, 0x1c, 0xd8, 0x21, 0x1c, 0xe6, 0x61, 
    0x1e, 0xdc, 0x80, 0x16, 0xca, 0x01, 0x1f, 0xe8, 0xa1, 0x1e, 0xe4, 0xa1, 
    0x1c, 0xe4, 0x80, 0x14, 0xf8, 0xc0, 0x1e, 0xca, 0x61, 0x1c, 0xe8, 0xe1, 
    0x1d, 0xe4, 0x81, 0x0f, 0xcc, 0x81, 0x1d, 0xde, 0x21, 0x1c, 0xe8, 0x81, 
    0x0d, 0xc0, 0x80, 0x0e, 0xfc, 0x00, 0x0c, 0xfc, 0x40, 0x0f, 0xf4, 0xa0, 
    0x1d, 0xd2, 0x01, 0x1e, 0xe6, 0xe1, 0x17, 0xe8, 0x21, 0x1f, 0xe0, 0xa1, 
    0x1c, 0x50, 0x30, 0xcc, 0x24, 0x06, 0xe3, 0xc0, 0x0e, 0xe1, 0x30, 0x0f, 
    0xf3, 0xe0, 0x06, 0xb4, 0x50, 0x0e, 0xf8, 0x40, 0x0f, 0xf5, 0x20, 0x0f, 
    0xe5, 0x20, 0x07, 0xa4, 0xc0, 0x07, 0xf6, 0x50, 0x0e, 0xe3, 0x40, 0x0f, 
    0xef, 0x20, 0x0f, 0x7c, 0x60, 0x0e, 0xec, 0xf0, 0x0e, 0xe1, 0x40, 0x0f, 
    0x6c, 0x00, 0x06, 0x74, 0xe0, 0x07, 0x60, 0xe0, 0x07, 0x48, 0x60, 0x5b, 
    0x72, 0x67, 0x22, 0x83, 0x71, 0x60, 0x87, 0x70, 0x98, 0x87, 0x79, 0x70, 
    0x03, 0x59, 0xb8, 0x05, 0x5a, 0x28, 0x07, 0x7c, 0xa0, 0x87, 0x7a, 0x90, 
    0x87, 0x72, 0x90, 0x03, 0x52, 0xe0, 0x03, 0x7b, 0x28, 0x87, 0x71, 0xa0, 
    0x87, 0x77, 0x90, 0x07, 0x3e, 0x30, 0x07, 0x76, 0x78, 0x87, 0x70, 0xa0, 
    0x07, 0x36, 0x00, 0x03, 0x3a, 0xf0, 0x03, 0x30, 0xf0, 0x03, 0x14, 0xb0, 
    0x04, 0x9f, 0x91, 0x02, 0x11, 0xc0, 0x48, 0xe8, 0x1a, 0x9c, 0x61, 0x70, 
    0x9c, 0xc1, 0x19, 0x1c, 0x67, 0x18, 0x06, 0xc7, 0x19, 0x06, 0x67, 0x18, 
    0x06, 0x87, 0xe4, 0x9b, 0xa4, 0x29, 0xa2, 0x84, 0xc9, 0x67, 0x01, 0xe6, 
    0x59, 0x88, 0x88, 0x9d, 0x80, 0x89, 0x40, 0xc1, 0x40, 0xf4, 0x14, 0x00, 
    0x00, 0x00, 0x00, 0x00, 0x13, 0x14, 0x72, 0xc0, 0x87, 0x74, 0x60, 0x87, 
    0x36, 0x68, 0x87, 0x79, 0x68, 0x03, 0x72, 0xc0, 0x87, 0x0d, 0xaf, 0x50, 
    0x0e, 0x6d, 0xd0, 0x0e, 0x7a, 0x50, 0x0e, 0x6d, 0x00, 0x0f, 0x7a, 0x30, 
    0x07, 0x72, 0xa0, 0x07, 0x73, 0x20, 0x07, 0x6d, 0x90, 0x0e, 0x71, 0xa0, 
    0x07, 0x73, 0x20, 0x07, 0x6d, 0x90, 0x0e, 0x78, 0xa0, 0x07, 0x73, 0x20, 
    0x07, 0x6d, 0x90, 0x0e, 0x71, 0x60, 0x07, 0x7a, 0x30, 0x07, 0x72, 0xd0, 
    0x06, 0xe9, 0x30, 0x07, 0x72, 0xa0, 0x07, 0x73, 0x20, 0x07, 0x6d, 0x90, 
    0x0e, 0x76, 0x40, 0x07, 0x7a, 0x60, 0x07, 0x74, 0xd0, 0x06, 0xe6, 0x10, 
    0x07, 0x76, 0xa0, 0x07, 0x73, 0x20, 0x07, 0x6d, 0x60, 0x0e, 0x73, 0x20, 
    0x07, 0x7a, 0x30, 0x07, 0x72, 0xd0, 0x06, 0xe6, 0x60, 0x07, 0x74, 0xa0, 
    0x07, 0x76, 0x40, 0x07, 0x6d, 0xe0, 0x0e, 0x78, 0xa0, 0x07, 0x71, 0x60, 
    0x07, 0x7a, 0x30, 0x07, 0x72, 0xa0, 0x07, 0x76, 0x40, 0x07, 0x43, 0x9e, 
    0x00, 0x00, 0x00, 0x00, 0x00, 0x00, 0x00, 0x00, 0x00, 0x00, 0x00, 0x86, 
    0x3c, 0x04, 0x10, 0x00, 0x01, 0x00, 0x00, 0x00, 0x00, 0x00, 0x00, 0x00, 
    0x0c, 0x79, 0x14, 0x20, 0x00, 0x04, 0x00, 0x00, 0x00, 0x00, 0x00, 0x00, 
    0x00, 0x18, 0xf2, 0x30, 0x40, 0x00, 0x04, 0x00, 0x00, 0x00, 0x00, 0x00, 
    0x00, 0x00, 0x30, 0xe4, 0x79, 0x80, 0x00, 0x08, 0x00, 0x00, 0x00, 0x00, 
    0x00, 0x00, 0x00, 0x60, 0xc8, 0x13, 0x01, 0x01, 0x10, 0x00, 0x00, 0x00, 
    0x00, 0x00, 0x00, 0x00, 0xc0, 0x90, 0x87, 0x02, 0x02, 0x40, 0x00, 0x00, 
    0x00, 0x00, 0x00, 0x00, 0x00, 0x80, 0x21, 0x8f, 0x05, 0x04, 0x40, 0x00, 
    0x00, 0x00, 0x00, 0x00, 0x00, 0x00, 0x00, 0x43, 0x1e, 0x0c, 0x08, 0x80, 
    0x01, 0x00, 0x00, 0x00, 0x00, 0x00, 0x00, 0x00, 0x86, 0x3c, 0x1a, 0x10, 
    0x00, 0x02, 0x00, 0x00, 0x00, 0x00, 0x00, 0x00, 0x00, 0x0c, 0x79, 0x38, 
    0x20, 0x00, 0x02, 0x00, 0x00, 0x00, 0x00, 0x00, 0x00, 0x00, 0x18, 0xf2, 
    0x7c, 0x40, 0x00, 0x04, 0x00, 0x00, 0x00, 0x00, 0x00, 0x00, 0x00, 0x30, 
    0xe4, 0x11, 0x03, 0x20, 0x00, 0x04, 0x00, 0x00, 0x00, 0x00, 0x00, 0x00, 
    0x00, 0x18, 0xf2, 0x94, 0x01, 0x10, 0x00, 0x02, 0x00, 0x00, 0x00, 0x00, 
    0x00, 0x00, 0x00, 0x0c, 0x79, 0xce, 0x00, 0x08, 0x80, 0x00, 0x00, 0x00, 
    0x00, 0x00, 0x00, 0x00, 0x00, 0x86, 0x3c, 0x69, 0x00, 0x04, 0x80, 0x00, 
    0x00, 0x00, 0x00, 0x00, 0x00, 0x00, 0x00, 0x59, 0x20, 0x00, 0x00, 0x00, 
    0x0c, 0x00, 0x00, 0x00, 0x32, 0x1e, 0x98, 0x14, 0x19, 0x11, 0x4c, 0x90, 
    0x8c, 0x09, 0x26, 0x47, 0xc6, 0x04, 0x43, 0x1a, 0x4a, 0x60, 0x04, 0xa0, 
    0x24, 0x8a, 0xa1, 0x08, 0xca, 0xa0, 0x10, 0x0a, 0x37, 0xa0, 0x20, 0xc8, 
    0x1b, 0x01, 0xa0, 0x77, 0x06, 0x80, 0xe2, 0x19, 0x00, 0x9a, 0x67, 0x00, 
    0xa8, 0x9e, 0x01, 0x00, 0x79, 0x18, 0x00, 0x00, 0x54, 0x00, 0x00, 0x00, 
    0x1a, 0x03, 0x4c, 0x90, 0x46, 0x02, 0x13, 0x44, 0x8f, 0x0c, 0x6f, 0xec, 
    0xed, 0x4d, 0x0c, 0x24, 0xc6, 0x25, 0xc7, 0x45, 0xc6, 0x06, 0x46, 0xc6, 
    0x25, 0xe6, 0x06, 0x04, 0x45, 0x26, 0x86, 0x4c, 0x06, 0xc7, 0xec, 0x46, 
    0xe6, 0x26, 0x65, 0x43, 0x10, 0x4c, 0x10, 0x06, 0x68, 0x82, 0x30, 0x44, 
    0x1b, 0x84, 0x81, 0x98, 0x20, 0x0c, 0xd2, 0x06, 0x61, 0x30, 0x28, 0x8c, 
    0xcd, 0x4d, 0x10, 0x86, 0x69, 0xc3, 0x80, 0x24, 0xc4, 0x04, 0xe1, 0x0d, 
    0x34, 0x02, 0x13, 0x84, 0x81, 0xda, 0x20, 0x10, 0xc6, 0x86, 0x84, 0x58, 
    0x18, 0x82, 0x18, 0x1a, 0xc2, 0xd9, 0x90, 0x0c, 0x0b, 0x43, 0x0c, 0x43, 
    0x43, 0x38, 0x1b, 0x92, 0x66, 0x61, 0x88, 0x66, 0x68, 0x08, 0x67, 0x82, 
    0x30, 0x54, 0x1b, 0x12, 0x69, 0x61, 0x08, 0x69, 0x68, 0x08, 0x67, 0x82, 
    0x30, 0x58, 0x1b, 0x12, 0x6a, 0x61, 0x08, 0x6a, 0x68, 0x08, 0x67, 0x43, 
    0xf1, 0x40, 0xd1, 0x54, 0x4d, 0x10, 0xe2, 0x60, 0x9b, 0x20, 0x78, 0xd9, 
    0x86, 0x85, 0xb8, 0x18, 0x82, 0x18, 0x1a, 0x0c, 0xc3, 0x9c, 0x0d, 0xcb, 
    0x70, 0x31, 0xc4, 0x30, 0x34, 0x18, 0x86, 0x39, 0x1b, 0x84, 0x4c, 0x9b, 
    0x20, 0xcc, 0x01, 0x37, 0x41, 0x18, 0xae, 0x0d, 0x08, 0xc1, 0x31, 0x04, 
    0x31, 0x74, 0xc0, 0x86, 0xc0, 0x9b, 0x20, 0xd4, 0x41, 0xb7, 0x01, 0x21, 
    0xc0, 0x80, 0x21, 0x88, 0x81, 0x00, 0x36, 0x04, 0x61, 0xb0, 0x81, 0xb0, 
    0xb6, 0x4f, 0x0c, 0x26, 0x08, 0x02, 0x40, 0x63, 0x68, 0xaa, 0x29, 0x2c, 
    0xcd, 0x6d, 0x82, 0x30, 0x60, 0x1b, 0x06, 0x33, 0x30, 0x83, 0x61, 0x83, 
    0x40, 0x9d, 0xc1, 0x86, 0x82, 0x0c, 0xca, 0x00, 0x18, 0x03, 0x34, 0xa8, 
    0xc2, 0xc6, 0x66, 0xd7, 0xe6, 0x92, 0x46, 0x56, 0xe6, 0x46, 0x37, 0x25, 
    0x08, 0xaa, 0x90, 0xe1, 0xb9, 0xd8, 0x95, 0xc9, 0xcd, 0xa5, 0xbd, 0xb9, 
    0x4d, 0x09, 0x88, 0x26, 0x64, 0x78, 0x2e, 0x76, 0x61, 0x6c, 0x76, 0x65, 
    0x72, 0x53, 0x02, 0xa3, 0x0e, 0x19, 0x9e, 0xcb, 0x1c, 0x5a, 0x18, 0x59, 
    0x99, 0x5c, 0xd3, 0x1b, 0x59, 0x19, 0xdb, 0x94, 0x20, 0x29, 0x43, 0x86, 
    0xe7, 0x22, 0x57, 0x36, 0xf7, 0x56, 0x27, 0x37, 0x56, 0x36, 0x37, 0x25, 
    0x10, 0x83, 0x3a, 0x64, 0x78, 0x2e, 0x65, 0x6e, 0x74, 0x72, 0x79, 0x50, 
    0x6f, 0x69, 0x6e, 0x74, 0x73, 0x53, 0x02, 0x34, 0x00, 0x00, 0x00, 0x00, 
    0x79, 0x18, 0x00, 0x00, 0x55, 0x00, 0x00, 0x00, 0x33, 0x08, 0x80, 0x1c, 
    0xc4, 0xe1, 0x1c, 0x66, 0x14, 0x01, 0x3d, 0x88, 0x43, 0x38, 0x84, 0xc3, 
    0x8c, 0x42, 0x80, 0x07, 0x79, 0x78, 0x07, 0x73, 0x98, 0x71, 0x0c, 0xe6, 
    0x00, 0x0f, 0xed, 0x10, 0x0e, 0xf4, 0x80, 0x0e, 0x33, 0x0c, 0x42, 0x1e, 
    0xc2, 0xc1, 0x1d, 0xce, 0xa1, 0x1c, 0x66, 0x30, 0x05, 0x3d, 0x88, 0x43, 
    0x38, 0x84, 0x83, 0x1b, 0xcc, 0x03, 0x3d, 0xc8, 0x43, 0x3d, 0x8c, 0x03, 
    0x3d, 0xcc, 0x78, 0x8c, 0x74, 0x70, 0x07, 0x7b, 0x08, 0x07, 0x79, 0x48, 
    0x87, 0x70, 0x70, 0x07, 0x7a, 0x70, 0x03, 0x76, 0x78, 0x87, 0x70, 0x20, 
    0x87, 0x19, 0xcc, 0x11, 0x0e, 0xec, 0x90, 0x0e, 0xe1, 0x30, 0x0f, 0x6e, 
    0x30, 0x0f, 0xe3, 0xf0, 0x0e, 0xf0, 0x50, 0x0e, 0x33, 0x10, 0xc4, 0x1d, 
    0xde, 0x21, 0x1c, 0xd8, 0x21, 0x1d, 0xc2, 0x61, 0x1e, 0x66, 0x30, 0x89, 
    0x3b, 0xbc, 0x83, 0x3b, 0xd0, 0x43, 0x39, 0xb4, 0x03, 0x3c, 0xbc, 0x83, 
    0x3c, 0x84, 0x03, 0x3b, 0xcc, 0xf0, 0x14, 0x76, 0x60, 0x07, 0x7b, 0x68, 
    0x07, 0x37, 0x68, 0x87, 0x72, 0x68, 0x07, 0x37, 0x80, 0x87, 0x70, 0x90, 
    0x87, 0x70, 0x60, 0x07, 0x76, 0x28, 0x07, 0x76, 0xf8, 0x05, 0x76, 0x78, 
    0x87, 0x77, 0x80, 0x87, 0x5f, 0x08, 0x87, 0x71, 0x18, 0x87, 0x72, 0x98, 
    0x87, 0x79, 0x98, 0x81, 0x2c, 0xee, 0xf0, 0x0e, 0xee, 0xe0, 0x0e, 0xf5, 
    0xc0, 0x0e, 0xec, 0x30, 0x03, 0x62, 0xc8, 0xa1, 0x1c, 0xe4, 0xa1, 0x1c, 
    0xcc, 0xa1, 0x1c, 0xe4, 0xa1, 0x1c, 0xdc, 0x61, 0x1c, 0xca, 0x21, 0x1c, 
    0xc4, 0x81, 0x1d, 0xca, 0x61, 0x06, 0xd6, 0x90, 0x43, 0x39, 0xc8, 0x43, 
    0x39, 0x98, 0x43, 0x39, 0xc8, 0x43, 0x39, 0xb8, 0xc3, 0x38, 0x94, 0x43, 
    0x38, 0x88, 0x03, 0x3b, 0x94, 0xc3, 0x2f, 0xbc, 0x83, 0x3c, 0xfc, 0x82, 
    0x3b, 0xd4, 0x03, 0x3b, 0xb0, 0xc3, 0x0c, 0xc4, 0x21, 0x07, 0x7c, 0x70, 
    0x03, 0x7a, 0x28, 0x87, 0x76, 0x80, 0x87, 0x19, 0xca, 0xc3, 0x0e, 0xec, 
    0x60, 0x0f, 0xed, 0xe0, 0x06, 0xec, 0xf0, 0x0e, 0xef, 0x00, 0x0f, 0x33, 
    0x22, 0x88, 0x1c, 0xf0, 0xc1, 0x0d, 0xc8, 0x41, 0x1c, 0xce, 0xc1, 0x0d, 
    0xec, 0x21, 0x1c, 0xe4, 0x81, 0x1d, 0xc2, 0x21, 0x1f, 0xde, 0xa1, 0x1e, 
    0xe8, 0x61, 0x06, 0x13, 0x91, 0x03, 0x3e, 0xb8, 0x81, 0x38, 0xc8, 0x43, 
    0x39, 0x84, 0xc3, 0x3a, 0xb8, 0x81, 0x38, 0xc8, 0x03, 0x00, 0x00, 0x00, 
    0x71, 0x20, 0x00, 0x00, 0x41, 0x00, 0x00, 0x00, 0x06, 0x60, 0x70, 0xac, 
    0x09, 0x20, 0x8d, 0x11, 0x40, 0xc3, 0xe5, 0x3b, 0x8f, 0x1f, 0x20, 0x0d, 
    0x10, 0x61, 0x7e, 0x71, 0xdb, 0x36, 0x00, 0x0d, 0x97, 0xef, 0x3c, 0x7e, 
    0x80, 0x34, 0x40, 0x84, 0xf9, 0xc8, 0x6d, 0x1b, 0xc3, 0x36, 0x5c, 0xbe, 
    0xf3, 0xf8, 0x42, 0x40, 0x15, 0x05, 0x11, 0x95, 0x0e, 0x30, 0x94, 0x84, 
    0x01, 0x08, 0x98, 0x5f, 0xdc, 0xb6, 0x35, 0x6c, 0xc3, 0xe5, 0x3b, 0x8f, 
    0x2f, 0x04, 0x54, 0x51, 0x10, 0x51, 0xe9, 0x00, 0x43, 0x49, 0x18, 0x80, 
    0x80, 0xf9, 0xc8, 0x6d, 0xdb, 0x83, 0x34, 0x5c, 0xbe, 0xf3, 0xf8, 0x42, 
    0x44, 0x00, 0x13, 0x11, 0x02, 0xcd, 0xb0, 0x10, 0xa6, 0xe0, 0x0c, 0x97, 
    0xef, 0x3c, 0xfe, 0xe0, 0x4c, 0xb6, 0x5f, 0xdc, 0xb6, 0x1d, 0x38, 0xc3, 
    0xe5, 0x3b, 0x8f, 0x3f, 0x38, 0xd3, 0xed, 0x17, 0xb7, 0x6d, 0x02, 0xd3, 
    0x70, 0xf9, 0xce, 0xe3, 0x1b, 0xc4, 0xd4, 0x21, 0x0c, 0xd1, 0x48, 0x88, 
    0xd3, 0x48, 0xb6, 0x80, 0x0d, 0x97, 0xef, 0x3c, 0x3e, 0x22, 0xb1, 0x0f, 
    0x21, 0x20, 0xc0, 0xf2, 0x2d, 0x0e, 0x30, 0xf9, 0xc5, 0x6d, 0x5b, 0x42, 
    0x35, 0x5c, 0xbe, 0xf3, 0xf8, 0x12, 0xc0, 0x3c, 0x0b, 0x51, 0x12, 0x15, 
    0xb1, 0xf8, 0xc5, 0x6d, 0x9b, 0x83, 0x34, 0x5c, 0xbe, 0xf3, 0xf8, 0x13, 
    0x11, 0x4d, 0x08, 0x10, 0x61, 0x7e, 0x71, 0xdb, 0x66, 0x50, 0x0d, 0x97, 
    0xef, 0x3c, 0xfe, 0x44, 0x5c, 0x13, 0x15, 0x11, 0xa5, 0x03, 0x0c, 0x7e, 
    0x71, 0xdb, 0x86, 0x60, 0x0d, 0x97, 0xef, 0x3c, 0xfe, 0x44, 0x5c, 0x13, 
    0x15, 0x11, 0xec, 0xe4, 0x44, 0x84, 0x5f, 0xdc, 0xb6, 0x05, 0x48, 0xc3, 
    0xe5, 0x3b, 0x8f, 0x3f, 0x1d, 0x11, 0x01, 0x0c, 0xe2, 0xe0, 0x23, 0xb7, 
    0x6d, 0x05, 0xcf, 0x70, 0xf9, 0xce, 0xe3, 0x53, 0x0d, 0x10, 0x61, 0x7e, 
    0x71, 0xdb, 0x00, 0x00, 0x61, 0x20, 0x00, 0x00, 0x0a, 0x13, 0x00, 0x00, 
    0x13, 0x04, 0x7b, 0x11, 0x0b, 0x04, 0x00, 0x00, 0x95, 0x00, 0x00, 0x00, 
    0x34, 0xcc, 0x00, 0x94, 0x43, 0xa9, 0x94, 0x51, 0xb9, 0x14, 0x57, 0x11, 
    0x06, 0x94, 0x5d, 0x21, 0x95, 0x5b, 0x0d, 0x14, 0x45, 0x19, 0x06, 0x94, 
    0x53, 0x29, 0x15, 0x53, 0xc9, 0x15, 0x5b, 0x29, 0x94, 0x4d, 0xc9, 0x14, 
    0x64, 0x40, 0x41, 0x15, 0x5f, 0xe9, 0x06, 0x14, 0x4e, 0xc1, 0xd0, 0x51, 
    0x1e, 0x23, 0x00, 0x25, 0x50, 0x06, 0x45, 0x40, 0x5e, 0x0d, 0x90, 0x33, 
    0x46, 0x00, 0x82, 0x20, 0x88, 0x7f, 0x63, 0x04, 0xe6, 0xbd, 0xae, 0xb2, 
    0x37, 0x46, 0xe0, 0xf6, 0xb1, 0x68, 0x7b, 0x63, 0x04, 0xef, 0x9e, 0x96, 
    0xf7, 0x37, 0x46, 0xa0, 0xb3, 0xe6, 0x1c, 0x82, 0xc1, 0x18, 0x41, 0xcc, 
    0x83, 0x7d, 0xee, 0x8d, 0x11, 0xc0, 0x3e, 0x3b, 0x97, 0xdf, 0x18, 0x41, 
    0xae, 0x97, 0xee, 0xfc, 0x8d, 0x11, 0xe0, 0xec, 0x7d, 0xe6, 0xde, 0x18, 
    0x81, 0x8a, 0xd7, 0xa7, 0xea, 0x8d, 0x11, 0xf4, 0x7d, 0xcb, 0xe2, 0xda, 
    0x18, 0xc1, 0x3d, 0xce, 0xb7, 0x98, 0x8d, 0x11, 0x80, 0x20, 0x08, 0x82, 
    0x60, 0x30, 0x46, 0x00, 0x82, 0x20, 0x48, 0x7f, 0x63, 0x04, 0x7b, 0xac, 
    0xc6, 0xfb, 0x2f, 0x8c, 0x11, 0xe8, 0xac, 0x39, 0xa7, 0xbf, 0x30, 0x46, 
    0x10, 0x82, 0x20, 0x28, 0x82, 0xc1, 0x18, 0x01, 0x08, 0x82, 0x20, 0x09, 
    0x06, 0x63, 0x04, 0x6b, 0xad, 0xd6, 0xea, 0x37, 0x46, 0x00, 0x82, 0x20, 
    0x08, 0x7f, 0x33, 0x00, 0x63, 0x04, 0x20, 0x98, 0xa2, 0x37, 0x19, 0x8c, 
    0x11, 0xa8, 0x78, 0x7d, 0x8a, 0xde, 0x18, 0x01, 0x08, 0x82, 0x20, 0x2e, 
    0x06, 0x63, 0x04, 0x37, 0xde, 0x8e, 0x2d, 0x37, 0x46, 0x00, 0x82, 0x20, 
    0x48, 0xff, 0xc2, 0x18, 0x01, 0x08, 0x82, 0x20, 0xfc, 0x0b, 0x63, 0x04, 
    0xf9, 0xff, 0xff, 0xf7, 0x37, 0x46, 0x10, 0x82, 0x20, 0x88, 0x7f, 0x63, 
    0x04, 0xfa, 0xff, 0xff, 0xf7, 0x37, 0x46, 0x00, 0x82, 0x20, 0x88, 0x7e, 
    0x63, 0x04, 0x20, 0x08, 0x82, 0x28, 0x18, 0x8c, 0x11, 0xf0, 0xf0, 0xaa, 
    0xd3, 0xdd, 0x18, 0x41, 0xad, 0xd6, 0x6a, 0xfb, 0x8d, 0x11, 0xf4, 0xb1, 
    0xe8, 0xe2, 0xdf, 0x18, 0x81, 0x2c, 0xba, 0x3d, 0x0d, 0x06, 0x63, 0x04, 
    0x6e, 0x1f, 0x8b, 0xb6, 0x2f, 0x8c, 0x11, 0x80, 0x20, 0x08, 0xea, 0x60, 
    0x30, 0x46, 0xd0, 0xf7, 0x2d, 0x8b, 0xeb, 0xc2, 0x18, 0x01, 0x08, 0x82, 
    0x20, 0x08, 0x0a, 0x63, 0x04, 0x71, 0x3d, 0x9a, 0xed, 0x37, 0x46, 0x70, 
    0xa3, 0xb3, 0x0c, 0x7f, 0x63, 0x04, 0x29, 0xea, 0x96, 0xb5, 0x37, 0x46, 
    0xb0, 0xa7, 0x7f, 0x5c, 0x7e, 0x63, 0x04, 0xb3, 0x0c, 0xf3, 0xf2, 0x37, 
    0x46, 0x00, 0xdf, 0xfc, 0xdd, 0x7b, 0x63, 0x04, 0xec, 0x5f, 0xa7, 0xbb, 
    0x37, 0x46, 0x40, 0xaf, 0x2f, 0x98, 0x7e, 0x63, 0x04, 0xa9, 0x1c, 0x8b, 
    0xf2, 0x37, 0x46, 0xe0, 0xe2, 0xab, 0xfe, 0x7f, 0x63, 0x04, 0x2e, 0xbc, 
    0xdb, 0x21, 0x38, 0x8c, 0x11, 0xe0, 0x61, 0xdb, 0xba, 0xdf, 0x18, 0x01, 
    0x5d, 0xb6, 0x68, 0xeb, 0x8d, 0x11, 0xec, 0x3d, 0x0e, 0xd3, 0xdf, 0x18, 
    0x01, 0xb8, 0x86, 0x3e, 0xfd, 0x0b, 0x63, 0x04, 0x7b, 0xac, 0xc6, 0x2b, 
    0x38, 0x8c, 0x11, 0xb0, 0x6d, 0xfc, 0xca, 0xdb, 0x18, 0x81, 0xac, 0x82, 
    0x6f, 0xf9, 0x8d, 0x11, 0xa4, 0xb4, 0x6a, 0xd3, 0xdf, 0x18, 0x81, 0x6b, 
    0xef, 0x2a, 0xde, 0x0b, 0x63, 0x04, 0xa9, 0xb9, 0xd7, 0xec, 0x37, 0x46, 
    0x90, 0xf6, 0x7e, 0x5e, 0x7e, 0x63, 0x04, 0x2c, 0xc9, 0xc2, 0xbd, 0x2f, 
    0x8c, 0x11, 0xe8, 0x6f, 0x5c, 0xe2, 0xbe, 0x30, 0x46, 0xb0, 0xef, 0xb0, 
    0xbb, 0xfb, 0xc2, 0x18, 0x81, 0xb9, 0xcf, 0xaa, 0xfe, 0x0b, 0x63, 0x04, 
    0x6b, 0xd9, 0x93, 0x28, 0x18, 0x8c, 0x11, 0xb0, 0x2c, 0x7b, 0x96, 0xe0, 
    0x30, 0x46, 0x20, 0xee, 0x60, 0x6e, 0x7e, 0x63, 0x04, 0x6d, 0x78, 0x93, 
    0xfa, 0x2f, 0x8c, 0x11, 0x90, 0x72, 0xe8, 0x8a, 0x60, 0x30, 0x46, 0xa0, 
    0xae, 0x70, 0xaf, 0xfe, 0xc2, 0x18, 0xc1, 0xac, 0xff, 0x32, 0xde, 0x0b, 
    0x63, 0x04, 0x7e, 0x4e, 0xa2, 0xf3, 0x2f, 0x8c, 0x11, 0xf8, 0x38, 0x59, 
    0xf7, 0xdf, 0x18, 0x01, 0x08, 0x82, 0x20, 0xdc, 0x8d, 0x11, 0xbc, 0xff, 
    0xff, 0xdf, 0xdf, 0x18, 0xc1, 0x3b, 0x93, 0x26, 0xda, 0x8d, 0x11, 0x80, 
    0x20, 0x08, 0xe2, 0xbf, 0x30, 0x02, 0x00, 0x00, 0x23, 0x06, 0x09, 0x00, 
    0x82, 0x60, 0x90, 0x06, 0x20, 0x11, 0x0e, 0xb4, 0xf0, 0x0f, 0xff, 0x60, 
    0x0f, 0x23, 0x06, 0x09, 0x00, 0x82, 0x60, 0x90, 0x06, 0x21, 0x21, 0x0e, 
    0xb5, 0xf0, 0x0f, 0xff, 0x70, 0x0f, 0x23, 0x06, 0x09, 0x00, 0x82, 0x60, 
    0x90, 0x06, 0x22, 0x31, 0x0e, 0xb7, 0xb0, 0x0f, 0xfb, 0x80, 0x0f, 0x23, 
    0x06, 0x09, 0x00, 0x82, 0x60, 0x90, 0x06, 0x23, 0x41, 0x0e, 0xb8, 0xd0, 
    0x0f, 0xfd, 0x90, 0x0f, 0x23, 0x06, 0x09, 0x00, 0x82, 0x60, 0x90, 0x06, 
    0x24, 0x51, 0x0e, 0xb9, 0xf0, 0x0f, 0xff, 0xa0, 0x0f, 0x23, 0x06, 0x09, 
    0x00, 0x82, 0x60, 0x90, 0x06, 0x25, 0x61, 0x0e, 0xba, 0x40, 0x12, 0x24, 
    0xb1, 0x0f, 0x23, 0x06, 0x09, 0x00, 0x82, 0x60, 0x90, 0x06, 0x26, 0x71, 
    0x0e, 0xbb, 0x40, 0x12, 0x24, 0xc1, 0x0f, 0x23, 0x06, 0x09, 0x00, 0x82, 
    0x60, 0x90, 0x06, 0x27, 0x81, 0x0e, 0xba, 0x50, 0x12, 0x25, 0xd1, 0x0f, 
    0x23, 0x06, 0x09, 0x00, 0x82, 0x60, 0x90, 0x06, 0x28, 0x91, 0x0e, 0xba, 
    0x60, 0x12, 0x26, 0xe1, 0x0f, 0x23, 0x06, 0x06, 0x00, 0x82, 0x60, 0x40, 
    0xdc, 0x84, 0x38, 0x9c, 0xc4, 0x88, 0x81, 0x01, 0x80, 0x20, 0x18, 0x10, 
    0x38, 0x31, 0x0e, 0x29, 0x31, 0x62, 0x70, 0x00, 0x20, 0x08, 0x06, 0x65, 
    0xd0, 0x12, 0xf5, 0x30, 0xa4, 0xc4, 0x68, 0x42, 0x20, 0x0c, 0x37, 0x10, 
    0x01, 0x19, 0xcc, 0x32, 0x04, 0x7a, 0x11, 0x8c, 0x26, 0x0c, 0xc3, 0x70, 
    0x43, 0x11, 0x90, 0xc1, 0x2c, 0x83, 0xa0, 0x17, 0xc1, 0x1d, 0x4e, 0xdd, 
    0xe1, 0x94, 0x09, 0xaf, 0x00, 0x1f, 0x13, 0x60, 0x01, 0x3e, 0x87, 0x38, 
    0x75, 0x87, 0x53, 0x46, 0x08, 0xf4, 0x31, 0x42, 0xa0, 0xcf, 0x68, 0x42, 
    0x03, 0x0c, 0x37, 0x04, 0x32, 0x01, 0x06, 0xb3, 0x0c, 0x03, 0x13, 0x8c, 
    0x18, 0x1c, 0x00, 0x08, 0x82, 0x81, 0x72, 0x16, 0xf6, 0x40, 0xe1, 0xc4, 
    0x68, 0x42, 0x00, 0x8c, 0x26, 0x08, 0xc1, 0x09, 0x4e, 0x59, 0xe0, 0xc8, 
    0xc7, 0x82, 0x85, 0x3e, 0x17, 0x0c, 0x53, 0x18, 0x58, 0xc0, 0x05, 0x4e, 
    0x99, 0x11, 0xc8, 0xc7, 0x02, 0x88, 0x3e, 0x17, 0x0c, 0x73, 0x8a, 0x53, 
    0x16, 0x58, 0xf2, 0xb1, 0x60, 0xa2, 0xcf, 0x05, 0xc3, 0x14, 0x18, 0xa4, 
    0x05, 0x5c, 0xe0, 0x94, 0x19, 0x81, 0x7c, 0x2c, 0xc0, 0xe8, 0x73, 0xc1, 
    0x30, 0xa5, 0x3c, 0x51, 0x41, 0x5a, 0xe0, 0x88, 0xc1, 0x01, 0x80, 0x20, 
    0x18, 0x30, 0x7d, 0x51, 0x13, 0x01, 0x5c, 0x14, 0x91, 0x44, 0x05, 0x6c, 
    0x81, 0x23, 0x06, 0x07, 0x00, 0x82, 0x60, 0xc0, 0x80, 0x06, 0x4e, 0x04, 
    0x73, 0x51, 0x0c, 0x5d, 0xc0, 0x88, 0xc1, 0x01, 0x80, 0x20, 0x18, 0x30, 
    0xa2, 0xa1, 0x13, 0x48, 0x30, 0xdc, 0xe0, 0x04, 0x64, 0x30, 0xcb, 0x40, 
    0x2c, 0xc1, 0x2c, 0x41, 0x31, 0x50, 0xe1, 0xb4, 0x41, 0x22, 0x0f, 0xc4, 
    0x40, 0xc5, 0xd0, 0x06, 0x09, 0x18, 0x10, 0xa5, 0xe5, 0x05, 0x8c, 0x18, 
    0x1c, 0x00, 0x08, 0x82, 0x01, 0x73, 0x1a, 0x3f, 0x61, 0x05, 0xc3, 0x0d, 
    0x5c, 0x40, 0x06, 0xb3, 0x0c, 0x46, 0x12, 0xcc, 0x12, 0x1c, 0x03, 0x15, 
    0x4e, 0x77, 0x28, 0xc6, 0x40, 0xc5, 0xd0, 0x1d, 0x7c, 0x60, 0x14, 0x19, 
    0x98, 0x05, 0x8c, 0x18, 0x1c, 0x00, 0x08, 0x82, 0x01, 0xc3, 0x1a, 0x3b, 
    0x21, 0x04, 0x55, 0x06, 0x68, 0x01, 0x23, 0x06, 0x07, 0x00, 0x82, 0x60, 
    0xc0, 0xb8, 0x46, 0x4f, 0x24, 0xc1, 0x88, 0x41, 0x03, 0x80, 0x20, 0x18, 
    0x50, 0xac, 0xe1, 0x16, 0x7d, 0x10, 0x1a, 0x43, 0x40, 0x17, 0x74, 0x41, 
    0x17, 0x74, 0x31, 0x9a, 0x10, 0x00, 0xa3, 0x09, 0x42, 0x30, 0x9a, 0x30, 
    0x08, 0x23, 0x06, 0x07, 0x00, 0x82, 0x60, 0xf0, 0xc8, 0x46, 0x5d, 0x0c, 
    0xa8, 0x30, 0x62, 0x70, 0x00, 0x20, 0x08, 0x06, 0xcf, 0x6c, 0xd8, 0xc5, 
    0x90, 0x0a, 0x23, 0x06, 0x07, 0x00, 0x82, 0x60, 0xf0, 0xd0, 0xc6, 0x5d, 
    0x0c, 0xaa, 0x30, 0x62, 0xb0, 0x00, 0x20, 0x08, 0x06, 0x96, 0x6c, 0xc8, 
    0xc5, 0x20, 0x04, 0x34, 0x31, 0x13, 0x32, 0x31, 0x62, 0x70, 0x00, 0x20, 
    0x08, 0x06, 0x8f, 0x6d, 0xe4, 0x85, 0x13, 0x94, 0xb3, 0xc1, 0x70, 0x43, 
    0x20, 0x91, 0xc1, 0x2c, 0xc3, 0x81, 0x04, 0xb3, 0x04, 0xc9, 0x40, 0x85, 
    0xc3, 0x06, 0x85, 0x81, 0x94, 0xb5, 0xc1, 0x70, 0x43, 0xa0, 0x91, 0xc1, 
    0x2c, 0x43, 0xa1, 0x04, 0xb3, 0x04, 0xcb, 0x40, 0x85, 0x43, 0x16, 0x83, 
    0xa1, 0x8c, 0x18, 0x38, 0x00, 0x08, 0x82, 0x01, 0x96, 0x1b, 0x77, 0x11, 
    0x0b, 0xa9, 0x80, 0x0a, 0xa3, 0x11, 0xcc, 0xc2, 0x2c, 0x88, 0x05, 0x5a, 
    0xcc, 0x12, 0xe8, 0xc5, 0x70, 0x83, 0x1e, 0xb0, 0x06, 0x18, 0xcc, 0x32, 
    0x34, 0x58, 0x50, 0xa9, 0xa0, 0x0a, 0x3b, 0xdc, 0x10, 0xc8, 0x06, 0x18, 
    0xcc, 0x32, 0x38, 0x4f, 0x30, 0x62, 0xd0, 0x00, 0x20, 0x08, 0x06, 0x94, 
    0x6f, 0x80, 0x86, 0x2c, 0xcc, 0xc6, 0x6c, 0xcc, 0x86, 0x69, 0x98, 0x86, 
    0x69, 0x98, 0xc6, 0x68, 0x42, 0x00, 0x8c, 0x18, 0x38, 0x00, 0x08, 0x82, 
    0x01, 0xe6, 0x1b, 0x7c, 0x61, 0x0b, 0xae, 0xd0, 0x0a, 0xa8, 0x11, 0xe0, 
    0x02, 0x2e, 0x9c, 0x45, 0x5b, 0xcc, 0x12, 0xe8, 0xc5, 0x88, 0xc1, 0x01, 
    0x80, 0x20, 0x18, 0x28, 0xe4, 0x31, 0x17, 0xb1, 0x50, 0x1b, 0xa3, 0x09, 
    0x01, 0x30, 0x9a, 0x20, 0x04, 0x27, 0x38, 0x65, 0xc1, 0x2a, 0xc8, 0xc7, 
    0x02, 0x54, 0xa0, 0xcf, 0x05, 0xc3, 0x54, 0x2d, 0xf4, 0x06, 0x5c, 0xe0, 
    0x94, 0x19, 0x81, 0x7c, 0x2c, 0x68, 0x05, 0xfa, 0x5c, 0x30, 0xcc, 0x29, 
    0x4e, 0x59, 0x30, 0x0b, 0xf2, 0xb1, 0x00, 0x16, 0xe8, 0x73, 0xc1, 0x30, 
    0xd5, 0x0b, 0xe6, 0x01, 0x17, 0x38, 0x65, 0x46, 0x20, 0x1f, 0x0b, 0x6a, 
    0x81, 0x3e, 0x17, 0x0c, 0x53, 0xca, 0x13, 0x15, 0x9c, 0x07, 0x8e, 0x18, 
    0x1c, 0x00, 0x08, 0x82, 0x01, 0xa3, 0x1f, 0xb2, 0x11, 0xb4, 0x47, 0x11, 
    0x49, 0x54, 0xa0, 0x1e, 0x38, 0x62, 0x70, 0x00, 0x20, 0x08, 0x06, 0x4c, 
    0x7f, 0xd4, 0x46, 0x00, 0x1f, 0xc5, 0xc4, 0x07, 0x8c, 0x18, 0x1c, 0x00, 
    0x08, 0x82, 0x01, 0xf3, 0x1f, 0xb7, 0x81, 0x04, 0xc3, 0x0d, 0x4e, 0x40, 
    0x06, 0xb3, 0x0c, 0xd0, 0x15, 0xcc, 0x12, 0x44, 0x03, 0x15, 0xce, 0x1c, 
    0x54, 0xec, 0x01, 0x0d, 0x54, 0x0c, 0x73, 0x50, 0xa1, 0x0f, 0x34, 0x50, 
    0x31, 0xcc, 0x41, 0x25, 0x06, 0x50, 0x6d, 0xf7, 0x01, 0x23, 0x06, 0x07, 
    0x00, 0x82, 0x60, 0xc0, 0x94, 0x48, 0x6f, 0x5c, 0xc1, 0x70, 0x43, 0x17, 
    0x90, 0xc1, 0x2c, 0x83, 0x54, 0x05, 0xb3, 0x04, 0xd3, 0x40, 0x85, 0xf3, 
    0x4d, 0x8c, 0x34, 0x50, 0x31, 0x7c, 0x13, 0x23, 0x0d, 0x54, 0x0c, 0xdf, 
    0x04, 0x0a, 0x52, 0x99, 0x41, 0x79, 0xc0, 0x88, 0xc1, 0x01, 0x80, 0x20, 
    0x18, 0x30, 0x2b, 0xa2, 0x1b, 0x42, 0x50, 0x67, 0x70, 0x1e, 0x30, 0x62, 
    0x70, 0x00, 0x20, 0x08, 0x06, 0x4c, 0x8b, 0xf0, 0x86, 0x12, 0x8c, 0x18, 
    0x34, 0x00, 0x08, 0x82, 0x01, 0xb5, 0x22, 0xed, 0xc1, 0x0f, 0x20, 0x32, 
    0x04, 0xf3, 0x31, 0x1f, 0xf3, 0x31, 0x1f, 0xa3, 0x09, 0x01, 0x30, 0x9a, 
    0x20, 0x04, 0xa3, 0x09, 0x83, 0x30, 0x62, 0x70, 0x00, 0x20, 0x08, 0x06, 
    0x4f, 0x8c, 0xd0, 0xc7, 0x70, 0x12, 0x23, 0x06, 0x07, 0x00, 0x82, 0x60, 
    0xf0, 0xc8, 0x48, 0x7d, 0x0c, 0x28, 0x31, 0x62, 0x70, 0x00, 0x20, 0x08, 
    0x06, 0xcf, 0x8c, 0xd8, 0xc7, 0x90, 0x12, 0x23, 0x06, 0x0b, 0x00, 0x82, 
    0x60, 0x60, 0xc5, 0x48, 0x7c, 0x0c, 0x42, 0x30, 0x1b, 0xb2, 0x11, 0x1b, 
    0x16, 0x3c, 0xf0, 0xa9, 0x47, 0x45, 0xa0, 0x1e, 0x0f, 0x86, 0x1b, 0x02, 
    0x8a, 0x0c, 0x66, 0x19, 0x26, 0x2a, 0x98, 0x25, 0xa8, 0x06, 0x2a, 0x1c, 
    0x39, 0x88, 0x10, 0x6a, 0xa0, 0x62, 0x90, 0x83, 0x08, 0xa1, 0x2a, 0xfb, 
    0x60, 0xb8, 0x21, 0xf0, 0xc8, 0x60, 0x96, 0x21, 0xb2, 0x82, 0x59, 0x82, 
    0x6b, 0xa0, 0xc2, 0x31, 0x93, 0x07, 0xb1, 0x06, 0x2a, 0x06, 0x31, 0x7a, 
    0x10, 0x6b, 0xb8, 0x21, 0x90, 0x91, 0x30, 0x38, 0xc1, 0x29, 0x23, 0x02, 
    0xfa, 0x4c, 0x37, 0x04, 0x38, 0x31, 0x8c, 0x18, 0x38, 0x00, 0x08, 0x82, 
    0x01, 0xf6, 0x23, 0xfd, 0x71, 0x13, 0x2f, 0xe1, 0x12, 0x29, 0x12, 0xe4, 
    0x44, 0x4e, 0xa0, 0x87, 0x7b, 0xcc, 0x12, 0xe8, 0xc5, 0x70, 0x03, 0x48, 
    0xcc, 0x08, 0x18, 0xcc, 0x32, 0x64, 0x65, 0x10, 0x8c, 0x18, 0x1c, 0x00, 
    0x08, 0x82, 0x81, 0x62, 0x26, 0xf5, 0x31, 0x13, 0x37, 0x32, 0x9a, 0x10, 
    0x00, 0xa3, 0x09, 0x42, 0x30, 0xdc, 0x20, 0xc0, 0x04, 0x18, 0x0c, 0x37, 
    0x08, 0x2f, 0x01, 0x06, 0x25, 0x04, 0x3a, 0xcb, 0xa0, 0x6d, 0xc1, 0x88, 
    0x41, 0x03, 0x80, 0x20, 0x18, 0x50, 0x68, 0xa2, 0x22, 0x39, 0xd1, 0x23, 
    0x36, 0x51, 0x13, 0x30, 0x02, 0x23, 0x30, 0x02, 0x23, 0xa3, 0x09, 0x01, 
    0x30, 0x9a, 0x20, 0x04, 0xa3, 0x09, 0x83, 0x30, 0x9a, 0x40, 0x0c, 0x23, 
    0x06, 0x0e, 0x00, 0x82, 0x60, 0x80, 0xad, 0x49, 0x8a, 0x8c, 0xc5, 0x4e, 
    0xe8, 0x44, 0x8d, 0x10, 0x83, 0x10, 0xe8, 0xc7, 0x2c, 0x81, 0x5e, 0x9c, 
    0xe2, 0x94, 0x05, 0x35, 0x21, 0x1f, 0x0b, 0x64, 0x82, 0x3e, 0xe5, 0x13, 
    0x66, 0x02, 0x17, 0x38, 0x65, 0x45, 0x20, 0x1f, 0x0b, 0x6c, 0x82, 0x3e, 
    0x07, 0x39, 0x65, 0xc1, 0x4e, 0xc8, 0xc7, 0x02, 0x9c, 0xa0, 0x4f, 0x91, 
    0x45, 0x9b, 0xc0, 0x05, 0x4e, 0x59, 0x11, 0xc8, 0xc7, 0x02, 0x9e, 0xa0, 
    0x8f, 0x29, 0x62, 0x11, 0x1f, 0x7b, 0x02, 0xf9, 0x58, 0x00, 0x16, 0xf4, 
    0x31, 0x83, 0x2c, 0xe2, 0x63, 0x4b, 0x20, 0x1f, 0x0b, 0xc4, 0x82, 0x3e, 
    0x16, 0x10, 0xf2, 0x19, 0x31, 0x30, 0x00, 0x10, 0x04, 0x83, 0x68, 0x54, 
    0x6e, 0x64, 0xba, 0x60, 0xa0, 0x11, 0x03, 0x03, 0x00, 0x41, 0x30, 0x88, 
    0x4a, 0x65, 0x46, 0xa2, 0x0b, 0x06, 0xb2, 0x80, 0x4c, 0x40, 0x30, 0x62, 
    0x60, 0x00, 0x20, 0x08, 0x06, 0x11, 0xaa, 0xf0, 0x48, 0x74, 0xc1, 0x40, 
    0x23, 0x06, 0x06, 0x00, 0x82, 0x60, 0x10, 0xa9, 0x0a, 0x8e, 0x3c, 0x17, 
    0x0c, 0x64, 0x41, 0x9a, 0x80, 0x60, 0xb8, 0x81, 0x08, 0xcc, 0x60, 0x96, 
    0xa1, 0xe3, 0x82, 0x59, 0x02, 0xcf, 0xd2, 0x60, 0x4d, 0x40, 0x30, 0x4b, 
    0x40, 0x06, 0x03, 0x15, 0x4e, 0x2c, 0x88, 0x01, 0xcb, 0x70, 0x03, 0x15, 
    0x4e, 0x2c, 0x88, 0x81, 0xcb, 0x70, 0x03, 0x15, 0x4e, 0x2c, 0x88, 0x01, 
    0xcc, 0x70, 0x03, 0x15, 0x43, 0x2c, 0x88, 0x81, 0xc4, 0x99, 0x1b, 0xc0, 
    0x09, 0x08, 0x46, 0x0c, 0x0e, 0x00, 0x04, 0xc1, 0x80, 0xb1, 0x95, 0x36, 
    0x11, 0x50, 0x65, 0xc4, 0xe0, 0x00, 0x40, 0x10, 0x0c, 0x98, 0x5b, 0x69, 
    0x93, 0x40, 0x38, 0xc2, 0xb1, 0x11, 0x83, 0x03, 0x00, 0x41, 0x30, 0x78, 
    0x70, 0x65, 0x4f, 0xc0, 0x20, 0x30, 0xc1, 0x47, 0xe0, 0x33, 0x62, 0x70, 
    0x00, 0x20, 0x08, 0x06, 0x8f, 0xae, 0xe0, 0x89, 0x17, 0x58, 0x30, 0xc4, 
    0x67, 0xc4, 0xe0, 0x00, 0x40, 0x10, 0x0c, 0x1e, 0x5e, 0xf9, 0x93, 0x40, 
    0x36, 0x86, 0x1b, 0xb0, 0xca, 0x0c, 0x66, 0x19, 0xc4, 0xe0, 0x0b, 0x66, 
    0x09, 0xc0, 0x60, 0xa0, 0xc2, 0x59, 0x03, 0x30, 0xe0, 0xbe, 0x81, 0x0a, 
    0x67, 0x0d, 0xc0, 0x80, 0xfb, 0x06, 0x2a, 0x9c, 0x35, 0x00, 0x03, 0xee, 
    0x1b, 0xa8, 0x18, 0xd6, 0x00, 0x0c, 0xf0, 0xe0, 0xb3, 0x3e, 0xf0, 0x13, 
    0x10, 0x8c, 0x18, 0x1c, 0x00, 0x08, 0x82, 0x01, 0x43, 0x2e, 0x7b, 0x22, 
    0xd8, 0xca, 0x88, 0xc1, 0x01, 0x80, 0x20, 0x18, 0x30, 0xe5, 0xb2, 0x27, 
    0x81, 0x70, 0x84, 0x63, 0x23, 0x06, 0x07, 0x00, 0x82, 0x60, 0xf0, 0x98, 
    0x4b, 0xaa, 0xd4, 0x41, 0x60, 0x02, 0x9b, 0xc0, 0x67, 0xc4, 0xe0, 0x00, 
    0x40, 0x10, 0x0c, 0x1e, 0x74, 0x31, 0x95, 0x39, 0x08, 0x46, 0x0c, 0x1a, 
    0x00, 0x04, 0xc1, 0x80, 0x3a, 0x97, 0x54, 0xc1, 0x0d, 0x5e, 0x29, 0xa6, 
    0x57, 0x79, 0x95, 0x57, 0x79, 0x95, 0xd1, 0x84, 0x00, 0x18, 0x4d, 0x10, 
    0x82, 0xd1, 0x84, 0x41, 0xb0, 0xe2, 0x88, 0xcf, 0x88, 0xc1, 0x01, 0x80, 
    0x20, 0x18, 0x3c, 0xee, 0x12, 0x2b, 0x01, 0x79, 0x58, 0x30, 0xc9, 0xc7, 
    0x02, 0x43, 0x3e, 0x26, 0x18, 0xf2, 0xb1, 0xc1, 0x90, 0x8f, 0x0d, 0x15, 
    0x7c, 0x6c, 0xa8, 0xe0, 0x63, 0x43, 0x05, 0x1f, 0xab, 0xd4, 0x05, 0x04, 
    0xc3, 0x0d, 0xd6, 0x1b, 0xa0, 0xc1, 0x2c, 0x03, 0x18, 0x84, 0x41, 0x30, 
    0x4b, 0x20, 0x06, 0x03, 0x15, 0x0e, 0x2c, 0x78, 0x4a, 0x18, 0x0c, 0x54, 
    0x38, 0xb0, 0xe0, 0x29, 0x61, 0x30, 0x50, 0xe1, 0xc0, 0x82, 0xa7, 0x84, 
    0x81, 0xa1, 0xc1, 0xbb, 0x80, 0x60, 0xb8, 0x21, 0x0d, 0xde, 0x00, 0x0d, 
    0x66, 0x19, 0xbc, 0x31, 0x08, 0x66, 0x09, 0xc8, 0x60, 0xa0, 0x62, 0xe0, 
    0x85, 0x4e, 0x16, 0xc6, 0x60, 0xa0, 0xc2, 0x41, 0x9f, 0x8e, 0x19, 0x83, 
    0x81, 0x0a, 0x47, 0x7d, 0x3a, 0x66, 0x0c, 0x06, 0x2a, 0x1c, 0xf6, 0xe9, 
    0x98, 0x31, 0x30, 0x5e, 0xe8, 0x15, 0x10, 0xd8, 0x2c, 0x94, 0x87, 0x7c, 
    0x2c, 0x20, 0x0f, 0xfa, 0x8c, 0x18, 0x18, 0x00, 0x08, 0x82, 0x41, 0x34, 
    0x32, 0xb7, 0x12, 0x5c, 0x30, 0xd0, 0x88, 0xc1, 0x01, 0x80, 0x20, 0x18, 
    0x30, 0x27, 0xe3, 0x2b, 0x41, 0xbe, 0x8c, 0x18, 0x1c, 0x00, 0x08, 0x82, 
    0x01, 0x83, 0x32, 0xbe, 0x12, 0x18, 0x26, 0x0b, 0xea, 0x21, 0x1f, 0x0b, 
    0xd2, 0x83, 0x3e, 0x23, 0x06, 0x06, 0x00, 0x82, 0x60, 0x10, 0xa5, 0x4c, 
    0xaf, 0x04, 0x17, 0x0c, 0x34, 0x62, 0x70, 0x00, 0x20, 0x08, 0x06, 0x4c, 
    0xcb, 0x90, 0x4b, 0xf0, 0x2f, 0x23, 0x06, 0x07, 0x00, 0x82, 0x60, 0xc0, 
    0xb8, 0x0c, 0xb9, 0x04, 0x90, 0x41, 0xab, 0x40, 0x1f, 0x83, 0x58, 0x81, 
    0x3e, 0x06, 0xb5, 0x02, 0x7d, 0x46, 0x0c, 0x1a, 0x00, 0x04, 0xc1, 0x80, 
    0x7a, 0x99, 0x78, 0x01, 0x11, 0x92, 0x51, 0x88, 0x7b, 0xb9, 0x97, 0x7b, 
    0xb9, 0x97, 0xd1, 0x84, 0x60, 0x18, 0x31, 0x70, 0x00, 0x10, 0x04, 0x03, 
    0xec, 0x65, 0xda, 0xe5, 0x44, 0xfe, 0xc3, 0x3f, 0xf2, 0xa5, 0x20, 0x86, 
    0xc0, 0x57, 0x66, 0x09, 0xf4, 0x62, 0xb8, 0x01, 0x3e, 0x4c, 0x06, 0x0c, 
    0x66, 0x19, 0xcc, 0x20, 0x0f, 0x82, 0x11, 0x83, 0x06, 0x00, 0x41, 0x30, 
    0xa0, 0x64, 0x86, 0x5e, 0x46, 0xe4, 0x64, 0x40, 0xe4, 0x3f, 0xf4, 0x45, 
    0x5f, 0xf4, 0x45, 0x5f, 0x46, 0x13, 0x02, 0x60, 0x34, 0x41, 0x08, 0x46, 
    0x13, 0x06, 0x61, 0x34, 0x81, 0x18, 0x46, 0x0c, 0x0e, 0x00, 0x04, 0xc1, 
    0xe0, 0xc9, 0x19, 0x7e, 0x21, 0x5e, 0x64, 0xc4, 0xe0, 0x00, 0x40, 0x10, 
    0x0c, 0x1e, 0x9d, 0xe9, 0x17, 0x02, 0x46, 0x46, 0x0c, 0x0e, 0x00, 0x04, 
    0xc1, 0xe0, 0xd9, 0x19, 0x7f, 0x21, 0x62, 0x64, 0xc4, 0xc0, 0x01, 0x40, 
    0x10, 0x0c, 0x30, 0x9c, 0xb1, 0x97, 0x18, 0x41, 0x91, 0x13, 0x11, 0x99, 
    0x41, 0x08, 0x88, 0x73, 0x19, 0x31, 0x38, 0x00, 0x10, 0x04, 0x83, 0x32, 
    0x98, 0x99, 0x7d, 0x49, 0x11, 0x96, 0x19, 0x4d, 0x08, 0x80, 0xe1, 0x86, 
    0x20, 0x66, 0xc0, 0x60, 0x96, 0x01, 0x0d, 0xce, 0x20, 0x18, 0x31, 0x70, 
    0x00, 0x10, 0x04, 0x03, 0x6c, 0x67, 0xf2, 0x65, 0x46, 0x56, 0x44, 0x45, 
    0x4a, 0xc6, 0x28, 0x88, 0x43, 0x5d, 0x66, 0x09, 0xf4, 0x62, 0xc4, 0xe0, 
    0x00, 0x40, 0x10, 0x0c, 0xca, 0xc0, 0x66, 0xfc, 0x85, 0x45, 0xe6, 0x65, 
    0x34, 0x21, 0x08, 0x86, 0x1b, 0x02, 0x9a, 0x01, 0x83, 0x59, 0x86, 0x35, 
    0x48, 0x83, 0x60, 0xc4, 0xa0, 0x01, 0x40, 0x10, 0x0c, 0x28, 0xb0, 0x11, 
    0x99, 0x1a, 0xa9, 0x99, 0x9a, 0xa9, 0x19, 0x94, 0x41, 0x19, 0x94, 0x41, 
    0x99, 0xd1, 0x84, 0x00, 0x18, 0x8e, 0x08, 0x7e, 0x45, 0xf8, 0x86, 0x23, 
    0x84, 0x5a, 0x21, 0xbe, 0x12, 0x02, 0x9d, 0x65, 0x50, 0x83, 0x35, 0x08, 
    0x46, 0x0c, 0x0e, 0x00, 0x04, 0xc1, 0x40, 0x0c, 0x7e, 0xc6, 0x64, 0x68, 
    0x64, 0x5f, 0x46, 0x13, 0x02, 0xc1, 0x02, 0x83, 0x3e, 0x23, 0x06, 0x07, 
    0x00, 0x82, 0x60, 0xf0, 0xa8, 0x4d, 0xcb, 0x04, 0xb9, 0x32, 0x62, 0x70, 
    0x00, 0x20, 0x08, 0x06, 0xcf, 0xda, 0xa4, 0x4c, 0x90, 0x2b, 0xb3, 0x04, 
    0x6c, 0x30, 0x62, 0x70, 0x00, 0x20, 0x08, 0x06, 0x62, 0x40, 0x36, 0x2b, 
    0x93, 0x23, 0x3f, 0x33, 0x9a, 0x10, 0x04, 0x23, 0x06, 0x07, 0x00, 0x82, 
    0x60, 0xf0, 0xb8, 0x4d, 0xcc, 0x04, 0xbb, 0x32, 0x4b, 0xc0, 0x06, 0x03, 
    0x15, 0x0e, 0xa2, 0x06, 0xc2, 0x1a, 0xd8, 0x15, 0xd0, 0xc7, 0x2e, 0x81, 
    0x3e, 0x76, 0x0d, 0xf4, 0x19, 0x31, 0x38, 0x00, 0x10, 0x04, 0x83, 0x32, 
    0x50, 0x1b, 0x99, 0x01, 0x93, 0xb0, 0x19, 0x4d, 0x08, 0x86, 0xe1, 0x86, 
    0x00, 0x6d, 0xc0, 0x60, 0x96, 0xa1, 0x0d, 0xe2, 0x20, 0x18, 0x31, 0x58, 
    0x00, 0x10, 0x04, 0x03, 0x6b, 0x6e, 0x66, 0xc6, 0x28, 0x88, 0x7a, 0xa1, 
    0x97, 0x79, 0x19, 0x8e, 0x08, 0xde, 0x45, 0xf8, 0x66, 0x19, 0xdc, 0xe0, 
    0x0d, 0x02, 0x13, 0xc8, 0x05, 0x3e, 0x16, 0x9c, 0x8a, 0x7c, 0x46, 0x0c, 
    0x0c, 0x00, 0x04, 0xc1, 0x20, 0xca, 0x1b, 0x9f, 0x09, 0x0c, 0x64, 0x82, 
    0xf8, 0x58, 0x30, 0x2e, 0xf2, 0xb1, 0xa0, 0x5e, 0xe0, 0x63, 0x01, 0x42, 
    0x1f, 0x0b, 0x1e, 0xf9, 0x98, 0xf0, 0xc8, 0xc7, 0x86, 0x47, 0x3e, 0xb3, 
    0x04, 0x6f, 0x30, 0x50, 0xe1, 0x18, 0x6e, 0x40, 0x06, 0x6d, 0x30, 0x50, 
    0xe1, 0x18, 0x6e, 0x40, 0x06, 0x6d, 0x30, 0x50, 0xe1, 0x18, 0x6e, 0x40, 
    0x06, 0x6d, 0x30, 0x62, 0x70, 0x00, 0x20, 0x08, 0x06, 0x4f, 0xe9, 0xa0, 
    0x8d, 0x10, 0x8c, 0x18, 0x1c, 0x00, 0x08, 0x82, 0xc1, 0x63, 0x3a, 0x69, 
    0x43, 0x04, 0xc3, 0x11, 0x01, 0xcb, 0x08, 0xdf, 0x2c, 0x03, 0x1c, 0xe0, 
    0x41, 0x60, 0x86, 0x40, 0x1f, 0x33, 0x06, 0xfa, 0x98, 0x41, 0xd0, 0x67, 
    0x96, 0x00, 0x0f, 0x86, 0x1b, 0xae, 0xbd, 0x11, 0x83, 0x11, 0x83, 0x03, 
    0x00, 0x41, 0x30, 0x78, 0x58, 0xe7, 0x6d, 0x38, 0x51, 0x19, 0x31, 0x38, 
    0x00, 0x10, 0x04, 0x83, 0xa7, 0x75, 0xe0, 0x86, 0x1b, 0x95, 0x11, 0x83, 
    0x03, 0x00, 0x41, 0x30, 0x78, 0x5c, 0x27, 0x6e, 0x38, 0x52, 0x19, 0x31, 
    0x38, 0x00, 0x10, 0x04, 0x83, 0xe7, 0x75, 0xe4, 0x46, 0x08, 0x46, 0x0c, 
    0x0e, 0x00, 0x04, 0xc1, 0xe0, 0x81, 0x9d, 0xb9, 0x21, 0x82, 0xe1, 0x88, 
    0x80, 0x65, 0x94, 0x6f, 0x96, 0x41, 0x0e, 0xec, 0xe0, 0x98, 0x65, 0x98, 
    0x03, 0x3c, 0x08, 0x86, 0x23, 0x04, 0x95, 0x51, 0xbe, 0x59, 0x06, 0x3a, 
    0xa8, 0x83, 0xc0, 0x86, 0x7f, 0x81, 0x8f, 0x05, 0xfa, 0x22, 0x1f, 0x0b, 
    0x02, 0xf9, 0x58, 0xb0, 0x33, 0xf0, 0x19, 0x31, 0x30, 0x00, 0x10, 0x04, 
    0x83, 0xc8, 0x76, 0xd2, 0x26, 0xb0, 0xa0, 0x90, 0x8f, 0x05, 0x31, 0x03, 
    0x9f, 0x59, 0x82, 0x3a, 0x18, 0xa8, 0x70, 0x04, 0x3a, 0xa0, 0xe6, 0xc0, 
    0x82, 0x85, 0x3e, 0x16, 0x40, 0xf2, 0x31, 0x01, 0x92, 0x8f, 0x0d, 0x90, 
    0x7c, 0x66, 0x09, 0xf0, 0x60, 0x96, 0xe1, 0x0e, 0xf0, 0xc0, 0xb1, 0xe7, 
    0x91, 0x8f, 0x05, 0x65, 0x03, 0x9f, 0x11, 0x03, 0x03, 0x00, 0x41, 0x30, 
    0x88, 0xc0, 0x67, 0x6e, 0x02, 0x0b, 0x24, 0xf9, 0x58, 0x30, 0xd1, 0xc7, 
    0x02, 0x4c, 0x3e, 0x26, 0x60, 0xf2, 0xb1, 0x01, 0x93, 0xcf, 0x2c, 0x01, 
    0x1e, 0x0c, 0xd4, 0x38, 0x7e, 0x00, 0x07, 0xaa, 0xf0, 0x06, 0x56, 0x1d, 
    0xd8, 0x81, 0x1c, 0x18, 0x77, 0x60, 0x07, 0x76, 0x30, 0x50, 0xe3, 0xf8, 
    0x01, 0x1c, 0xa8, 0xc2, 0x1b, 0x58, 0x75, 0x60, 0x07, 0x72, 0x60, 0xdc, 
    0x81, 0x1d, 0xd8, 0xc1, 0x40, 0x8d, 0xe3, 0x07, 0x70, 0xa0, 0x0a, 0x6f, 
    0x60, 0xd5, 0x81, 0x1d, 0xc8, 0x81, 0x71, 0x07, 0x76, 0x60, 0x07, 0xc3, 
    0x0d, 0x76, 0xd0, 0x3b, 0x61, 0x30, 0xdd, 0x00, 0x37, 0xb3, 0x10, 0x8c, 
    0x18, 0x18, 0x00, 0x08, 0x82, 0x41, 0xb4, 0x3e, 0xb1, 0x53, 0x8c, 0x18, 
    0x18, 0x00, 0x08, 0x82, 0x41, 0xc4, 0x3e, 0xb2, 0x53, 0x8c, 0x18, 0x18, 
    0x00, 0x08, 0x82, 0x41, 0xd4, 0x3e, 0xb3, 0x53, 0x0c, 0x47, 0x0c, 0x34, 
    0x43, 0x7c, 0xc3, 0x11, 0x43, 0xcd, 0x10, 0xdf, 0x70, 0xc4, 0x60, 0x33, 
    0xc4, 0x37, 0xdd, 0x80, 0x2e, 0x77, 0x33, 0x4c, 0x37, 0xa4, 0x0b, 0xde, 
    0x0c, 0xd3, 0x0d, 0xea, 0x92, 0x37, 0xc3, 0x88, 0xc1, 0x01, 0x80, 0x20, 
    0x18, 0x3c, 0xf5, 0x83, 0x3b, 0xc9, 0xdb, 0x8c, 0x18, 0x1c, 0x00, 0x08, 
    0x82, 0xc1, 0x63, 0x3f, 0xb9, 0x93, 0xc0, 0xcd, 0x88, 0xc1, 0x01, 0x80, 
    0x20, 0x18, 0x3c, 0xf7, 0xa3, 0x3b, 0x49, 0xdc, 0x8c, 0x18, 0x18, 0x00, 
    0x08, 0x82, 0x41, 0x74, 0x3f, 0xba, 0x33, 0x8c, 0x18, 0x18, 0x00, 0x08, 
    0x82, 0x41, 0x84, 0x3f, 0xbb, 0x33, 0x8c, 0x18, 0x18, 0x00, 0x08, 0x82, 
    0x41, 0x94, 0x3f, 0xbc, 0x33, 0xd8, 0xf0, 0x33, 0xf2, 0xb1, 0x01, 0x6c, 
    0xe4, 0x63, 0x43, 0xd8, 0xc8, 0x67, 0xc4, 0xc0, 0x00, 0x40, 0x10, 0x0c, 
    0xa2, 0xfe, 0x11, 0x9f, 0x61, 0xc4, 0xc0, 0x00, 0x40, 0x10, 0x0c, 0x22, 
    0xff, 0x19, 0x9f, 0x61, 0xc4, 0xc0, 0x00, 0x40, 0x10, 0x0c, 0xa2, 0xff, 
    0x21, 0x9f, 0xc1, 0x06, 0xb2, 0x91, 0x8f, 0x0d, 0x65, 0x23, 0x1f, 0x1b, 
    0xcc, 0x46, 0x3e, 0x86, 0x99, 0x8d, 0x7c, 0x0c, 0x3b, 0x1b, 0xf9, 0x18, 
    0x86, 0x36, 0xf2, 0x31, 0xb4, 0x19, 0xe2, 0x63, 0xc1, 0x01, 0x1f, 0x53, 
    0x1b, 0x22, 0x3e, 0x16, 0x20, 0xf0, 0x31, 0xb6, 0x29, 0xe2, 0x63, 0x41, 
    0x02, 0x1f, 0x2b, 0x36, 0xf9, 0x18, 0xb1, 0xc9, 0xc7, 0x86, 0x4d, 0x3e, 
    0x36, 0x30, 0xf0, 0xb1, 0x81, 0x81, 0x8f, 0x0d, 0x0c, 0x7c, 0x46, 0x0c, 
    0x1c, 0x00, 0x04, 0xc1, 0x00, 0x7b, 0xa1, 0xf6, 0x39, 0x99, 0x7f, 0xf1, 
    0x97, 0xfc, 0x19, 0x84, 0x00, 0x0d, 0x7c, 0x67, 0x96, 0x40, 0x2f, 0x46, 
    0x0c, 0x0e, 0x00, 0x04, 0xc1, 0xa0, 0x0c, 0x54, 0x48, 0x7e, 0x40, 0x46, 
    0x84, 0x46, 0x13, 0x82, 0x60, 0xb8, 0x21, 0x48, 0x21, 0x30, 0x98, 0x65, 
    0xd0, 0x83, 0x3d, 0x08, 0x86, 0x23, 0xea, 0x05, 0x75, 0x88, 0x6f, 0xc4, 
    0xe0, 0x00, 0x40, 0x10, 0x0c, 0xca, 0xc0, 0x85, 0xec, 0x87, 0x64, 0x4a, 
    0x68, 0x34, 0x21, 0x00, 0x86, 0x1b, 0x02, 0x16, 0x0a, 0x83, 0x22, 0x02, 
    0xbe, 0x60, 0x08, 0xdb, 0x97, 0xd3, 0x81, 0xcf, 0x74, 0x03, 0xbf, 0x04, 
    0x87, 0x05, 0xb7, 0x23, 0x1f, 0x0b, 0x54, 0x07, 0x3e, 0xe6, 0x2f, 0xab, 
    0x03, 0x9f, 0x11, 0x83, 0x03, 0x00, 0x41, 0x30, 0x10, 0x83, 0x1c, 0x02, 
    0x21, 0x97, 0x81, 0xa1, 0xd1, 0x84, 0x60, 0x30, 0x22, 0xa0, 0x8f, 0x05, 
    0xb6, 0x03, 0x1f, 0x2b, 0x7c, 0x47, 0x3e, 0x16, 0x10, 0xf4, 0xb1, 0x20, 
    0x77, 0xe0, 0x33, 0x1c, 0x41, 0xf8, 0x0c, 0xf1, 0x0d, 0x47, 0x14, 0xee, 
    0x23, 0x7c, 0x25, 0x04, 0x3b, 0x1c, 0x41, 0x84, 0x0d, 0xf1, 0x95, 0x10, 
    0xec, 0x70, 0x84, 0x21, 0x3f, 0xc2, 0x57, 0x81, 0xb0, 0x17, 0x0c, 0x31, 
    0x62, 0x60, 0x00, 0x20, 0x08, 0x06, 0xd1, 0x1b, 0x85, 0x11, 0x35, 0x62, 
    0x70, 0x00, 0x20, 0x08, 0x06, 0x8c, 0x1c, 0xa9, 0x90, 0xce, 0x94, 0xd1, 
    0x05, 0x4e, 0x19, 0xfe, 0x04, 0xf4, 0x19, 0x8e, 0x20, 0x02, 0xe2, 0xbb, 
    0x60, 0x88, 0x59, 0x82, 0x3e, 0x18, 0x6e, 0x10, 0x03, 0x33, 0x02, 0x83, 
    0x59, 0x06, 0x3e, 0xe8, 0x83, 0x60, 0xc4, 0xe0, 0x00, 0x40, 0x10, 0x0c, 
    0xc4, 0xe0, 0x8d, 0x6c, 0x88, 0x6c, 0xcc, 0x68, 0x34, 0x21, 0x10, 0x86, 
    0x23, 0x70, 0x26, 0x20, 0xbe, 0x11, 0x83, 0x03, 0x00, 0x41, 0x30, 0x28, 
    0x83, 0x38, 0xca, 0xa1, 0xb3, 0x41, 0xa3, 0xd1, 0x84, 0x00, 0x18, 0x6e, 
    0x08, 0xde, 0x28, 0x0c, 0x8a, 0x08, 0xf8, 0x82, 0x21, 0xcc, 0x67, 0x8e, 
    0xf8, 0x8c, 0x18, 0x18, 0x00, 0x08, 0x82, 0x41, 0xf4, 0x47, 0x71, 0x14, 
    0x8c, 0x18, 0x1c, 0x00, 0x08, 0x82, 0x01, 0x23, 0x4a, 0x3a, 0xa4, 0x36, 
    0x75, 0x74, 0x81, 0x53, 0x86, 0x42, 0x01, 0x7d, 0x86, 0x23, 0x88, 0x80, 
    0xf8, 0x2e, 0x18, 0x62, 0x96, 0xa0, 0x0f, 0x06, 0x3a, 0x1c, 0x52, 0xd0, 
    0x03, 0x55, 0xe3, 0x03, 0x55, 0xdb, 0x83, 0x81, 0x0e, 0x07, 0x14, 0xf4, 
    0x40, 0xd5, 0xf8, 0x40, 0xd5, 0xf6, 0x60, 0xa0, 0x63, 0xd0, 0x05, 0x3d, 
    0xa0, 0xf8, 0xc0, 0x1e, 0x83, 0x3d, 0x18, 0xe8, 0x18, 0xd0, 0x40, 0x0f, 
    0x10, 0x3e, 0xc0, 0xc7, 0x60, 0x0f, 0x06, 0x3a, 0x06, 0x3b, 0xd0, 0x03, 
    0x7d, 0x0c, 0xf8, 0x40, 0x1f, 0x83, 0x3d, 0x18, 0x31, 0x78, 0x00, 0x10, 
    0x04, 0x03, 0xcd, 0x94, 0x74, 0x48, 0x6f, 0xf2, 0xa6, 0x20, 0xf8, 0x87, 
    0x7f, 0xfc, 0xc8, 0x8f, 0xe2, 0x28, 0x74, 0x46, 0x13, 0x02, 0x60, 0x34, 
    0x41, 0x08, 0x46, 0x13, 0x06, 0x61, 0xc4, 0xe0, 0x01, 0x40, 0x10, 0x0c, 
    0x34, 0x55, 0xf2, 0xa1, 0xbf, 0xe9, 0x9b, 0x04, 0x01, 0x21, 0x10, 0x12, 
    0x25, 0x51, 0xaa, 0xa3, 0xd2, 0x19, 0x4d, 0x08, 0x80, 0xd1, 0x04, 0x21, 
    0x18, 0x4d, 0x18, 0x84, 0x11, 0x83, 0x03, 0x00, 0x41, 0x30, 0x28, 0x03, 
    0x55, 0x92, 0x23, 0xd0, 0x19, 0xa5, 0xd1, 0x84, 0x00, 0x18, 0x6e, 0x08, 
    0x50, 0x09, 0x0c, 0x66, 0x19, 0xfc, 0xe0, 0x0f, 0x82, 0x11, 0x03, 0x03, 
    0x00, 0x41, 0x30, 0x88, 0x6a, 0x69, 0x8f, 0x94, 0x11, 0x03, 0x03, 0x00, 
    0x41, 0x30, 0x88, 0x6c, 0x89, 0x8f, 0x94, 0x11, 0x03, 0x03, 0x00, 0x41, 
    0x30, 0x88, 0x6e, 0xa9, 0x8f, 0x94, 0xe1, 0x88, 0xa1, 0x87, 0x88, 0x6f, 
    0x38, 0x62, 0xf0, 0x21, 0xe2, 0x1b, 0x8e, 0x18, 0x7e, 0x88, 0xf8, 0xa6, 
    0x1b, 0x64, 0x27, 0x8c, 0x86, 0xe9, 0x86, 0xd9, 0x11, 0xa3, 0x61, 0xba, 
    0x81, 0x76, 0xc6, 0x68, 0xb0, 0x44, 0x8c, 0xe0, 0x63, 0xc9, 0x18, 0xc1, 
    0xc7, 0x12, 0x32, 0x82, 0x8f, 0x0d, 0x64, 0x24, 0x1f, 0x1b, 0xca, 0x48, 
    0x3e, 0x36, 0x98, 0x91, 0x7c, 0x46, 0x0c, 0x0c, 0x00, 0x04, 0xc1, 0x20, 
    0x22, 0xa7, 0x53, 0x1a, 0x46, 0x0c, 0x0c, 0x00, 0x04, 0xc1, 0x20, 0x2a, 
    0x27, 0x54, 0x1a, 0x46, 0x0c, 0x0c, 0x00, 0x04, 0xc1, 0x20, 0x32, 0xa7, 
    0x54, 0x1a, 0x6c, 0x48, 0x23, 0xf9, 0xd8, 0xa0, 0x46, 0xf2, 0xb1, 0x61, 
    0x8d, 0xe4, 0x33, 0x62, 0x60, 0x00, 0x20, 0x08, 0x06, 0x91, 0x3a, 0xbd, 
    0xd2, 0x30, 0x62, 0x60, 0x00, 0x20, 0x08, 0x06, 0xd1, 0x3a, 0xc1, 0xd2, 
    0x30, 0x62, 0x60, 0x00, 0x20, 0x08, 0x06, 0x11, 0x3b, 0xc5, 0xd2, 0x60, 
    0x98, 0x1b, 0xc9, 0xc7, 0xb0, 0x37, 0x92, 0x8f, 0x61, 0x70, 0x24, 0x1f, 
    0x33, 0x86, 0xf8, 0x98, 0x31, 0xc4, 0xc7, 0x8c, 0x21, 0x3e, 0x36, 0x60, 
    0xf2, 0xb1, 0x01, 0x93, 0x8f, 0x0d, 0x98, 0x7c, 0x6c, 0x48, 0xe0, 0x63, 
    0x43, 0x02, 0x1f, 0x1b, 0x12, 0xf8, 0xcc, 0x12, 0xfc, 0xc1, 0x40, 0x85, 
    0x63, 0xf8, 0x01, 0x2f, 0xf4, 0xc1, 0x40, 0x85, 0x63, 0xf8, 0x01, 0x2f, 
    0xf4, 0xc1, 0x40, 0x85, 0x63, 0xf8, 0x01, 0x2f, 0xf4, 0xc1, 0x2c, 0x03, 
    0x28, 0x84, 0x02, 0x1a, 0x8c, 0x18, 0x18, 0x00, 0x08, 0x82, 0x41, 0xc4, 
    0x4f, 0xe2, 0xd4, 0x06, 0x23, 0x06, 0x06, 0x00, 0x82, 0x60, 0x10, 0xf5, 
    0xd3, 0x38, 0xb5, 0xc1, 0x88, 0x81, 0x01, 0x80, 0x20, 0x18, 0x44, 0xfe, 
    0x44, 0x4e, 0x6d, 0x30, 0x1c, 0x31, 0x90, 0x12, 0xf1, 0x0d, 0x47, 0x0c, 
    0xa5, 0x44, 0x7c, 0xc3, 0x11, 0x83, 0x29, 0x11, 0xdf, 0x74, 0x43, 0xfe, 
    0xa0, 0xd2, 0x30, 0xdd, 0xa0, 0x3f, 0xa9, 0x34, 0x4c, 0x37, 0xec, 0x8f, 
    0x2a, 0x0d, 0x96, 0xa4, 0x12, 0x7c, 0x2c, 0x51, 0x25, 0xf8, 0x58, 0xb2, 
    0x4a, 0xf0, 0xb1, 0x61, 0x95, 0xe4, 0x63, 0x03, 0x2b, 0xc9, 0xc7, 0x86, 
    0x56, 0x92, 0xcf, 0x88, 0x81, 0x01, 0x80, 0x20, 0x18, 0x44, 0x2b, 0xe5, 
    0x4e, 0xc3, 0x88, 0x81, 0x01, 0x80, 0x20, 0x18, 0x44, 0x2c, 0xf5, 0x4e, 
    0xc3, 0x88, 0x81, 0x01, 0x80, 0x20, 0x18, 0x44, 0x2d, 0x05, 0x4f, 0x83, 
    0x0d, 0xb0, 0x24, 0x1f, 0x1b, 0x62, 0x49, 0x3e, 0x36, 0xc8, 0x92, 0x7c, 
    0x46, 0x0c, 0x0c, 0x00, 0x04, 0xc1, 0x20, 0x8a, 0x29, 0x7b, 0x1a, 0x46, 
    0x0c, 0x0c, 0x00, 0x04, 0xc1, 0x20, 0x92, 0xa9, 0x7b, 0x1a, 0x46, 0x0c, 
    0x0c, 0x00, 0x04, 0xc1, 0x20, 0x9a, 0x29, 0x7c, 0x1a, 0x0c, 0xab, 0x25, 
    0xf9, 0x18, 0x66, 0x4b, 0xf2, 0x31, 0xec, 0x96, 0xe4, 0x63, 0xc6, 0x10, 
    0x1f, 0x33, 0x86, 0xf8, 0x98, 0x31, 0xc4, 0xc7, 0x06, 0x4c, 0x3e, 0x36, 
    0x60, 0xf2, 0xb1, 0x01, 0x93, 0x8f, 0x0d, 0x09, 0x7c, 0x6c, 0x48, 0xe0, 
    0x63, 0x43, 0x02, 0x9f, 0x59, 0x82, 0x50, 0x18, 0xa8, 0x70, 0x0c, 0x50, 
    0x10, 0x8b, 0x3f, 0x18, 0xa8, 0x70, 0x0c, 0x50, 0x10, 0x8b, 0x3f, 0x18, 
    0xa8, 0x70, 0x0c, 0x50, 0x10, 0x8b, 0x3f, 0x98, 0x65, 0x10, 0x85, 0x51, 
    0x78, 0x89, 0x11, 0x83, 0x07, 0x00, 0x41, 0x30, 0xd0, 0x7e, 0x6a, 0x9e, 
    0x6a, 0x48, 0x86, 0x7c, 0xa1, 0x17, 0x6a, 0xa9, 0x96, 0x6e, 0xea, 0xa6, 
    0x54, 0x4a, 0x87, 0x46, 0x13, 0x02, 0x60, 0x34, 0x41, 0x08, 0x46, 0x13, 
    0x06, 0x61, 0x34, 0x81, 0x18, 0x66, 0x09, 0x48, 0x61, 0xc4, 0xa0, 0x01, 
    0x40, 0x10, 0x0c, 0xa8, 0xb3, 0x4a, 0x29, 0x1d, 0xe2, 0xa9, 0x1a, 0xa2, 
    0xa1, 0x97, 0x7a, 0xa9, 0x97, 0x7a, 0xa9, 0xd1, 0x84, 0x00, 0x18, 0x4d, 
    0x10, 0x82, 0xd1, 0x84, 0x41, 0x18, 0x4d, 0x20, 0x86, 0x59, 0x02, 0x52, 
    0x18, 0xa8, 0x70, 0x24, 0x51, 0x40, 0x46, 0x61, 0xa0, 0xc2, 0x91, 0x44, 
    0x01, 0x19, 0x85, 0x81, 0x0a, 0x47, 0x12, 0x05, 0x64, 0x14, 0x06, 0x2a, 
    0x1c, 0x49, 0x14, 0x90, 0x51, 0x98, 0x65, 0x28, 0x85, 0x54, 0xe8, 0x85, 
    0x11, 0x83, 0x03, 0x00, 0x41, 0x30, 0x28, 0x83, 0xb4, 0x8a, 0xa9, 0x1f, 
    0x32, 0xa9, 0xd1, 0x84, 0x20, 0x18, 0x6e, 0x08, 0xce, 0x0a, 0x0c, 0x66, 
    0x19, 0x50, 0xc1, 0x14, 0x82, 0x11, 0x83, 0x06, 0x00, 0x41, 0x30, 0xa0, 
    0xe6, 0xaa, 0xa6, 0xd0, 0x08, 0xad, 0xd0, 0x0a, 0xad, 0x76, 0x6a, 0xa7, 
    0x76, 0x6a, 0xa7, 0x46, 0x13, 0x02, 0x60, 0x38, 0x22, 0x90, 0x27, 0xe1, 
    0x1b, 0x8e, 0x10, 0xd0, 0x89, 0xf8, 0x4a, 0x08, 0x74, 0x96, 0xe1, 0x14, 
    0x50, 0x21, 0x18, 0x31, 0x38, 0x00, 0x10, 0x04, 0x03, 0x31, 0x90, 0xab, 
    0x9c, 0x3a, 0x23, 0x97, 0x1a, 0x4d, 0x08, 0x04, 0x0b, 0x0c, 0xfa, 0x8c, 
    0x18, 0x1c, 0x00, 0x08, 0x82, 0xc1, 0xd3, 0x57, 0x60, 0x15, 0xb0, 0xd3, 
    0x88, 0xc1, 0x01, 0x80, 0x20, 0x18, 0x3c, 0x7e, 0xc5, 0x53, 0x01, 0x3b, 
    0xcd, 0x12, 0xa4, 0xc2, 0x88, 0xc1, 0x01, 0x80, 0x20, 0x18, 0x88, 0xc1, 
    0x5d, 0xf9, 0x14, 0x1b, 0xc9, 0xd5, 0x68, 0x42, 0x10, 0x8c, 0x18, 0x1c, 
    0x00, 0x08, 0x82, 0xc1, 0x13, 0x5a, 0x64, 0x15, 0xb8, 0xd3, 0x2c, 0x41, 
    0x2a, 0x0c, 0x74, 0x38, 0x2e, 0x1a, 0x90, 0x02, 0x72, 0x0a, 0x02, 0x2a, 
    0x58, 0x15, 0xd0, 0xc7, 0x2a, 0x81, 0x3e, 0x56, 0x0d, 0xf4, 0x19, 0x31, 
    0x58, 0x00, 0x10, 0x04, 0x03, 0x6b, 0xb4, 0xc6, 0x6a, 0x10, 0x82, 0x92, 
    0x22, 0xa9, 0x91, 0x1a, 0x31, 0x58, 0x00, 0x10, 0x04, 0x03, 0x8b, 0xb4, 
    0xc8, 0xaa, 0x15, 0x58, 0x61, 0x15, 0x4c, 0xaa, 0xa4, 0x48, 0x6a, 0xc4, 
    0xe0, 0x00, 0x40, 0x10, 0x0c, 0xca, 0xe0, 0xaf, 0xce, 0xaa, 0x8e, 0x78, 
    0x6a, 0x34, 0x21, 0x00, 0x86, 0x1b, 0x82, 0xbe, 0x02, 0x83, 0x59, 0x06, 
    0x55, 0x58, 0x85, 0x60, 0xc4, 0xe0, 0x00, 0x40, 0x10, 0x0c, 0x9e, 0xd5, 
    0x72, 0xab, 0x2e, 0x94, 0x46, 0x0c, 0x0e, 0x00, 0x04, 0xc1, 0xe0, 0x61, 
    0xad, 0xb7, 0xea, 0x44, 0x69, 0xc4, 0xe0, 0x00, 0x40, 0x10, 0x0c, 0x9e, 
    0xd6, 0x82, 0xab, 0x6e, 0x94, 0x46, 0x0c, 0x1c, 0x00, 0x04, 0xc1, 0x00, 
    0x53, 0x2d, 0xb4, 0x12, 0x25, 0x3d, 0xca, 0x23, 0xba, 0x1a, 0x84, 0xa0, 
    0xcb, 0xa9, 0x59, 0x02, 0xbd, 0x18, 0x31, 0x38, 0x00, 0x10, 0x04, 0x83, 
    0x32, 0x28, 0xad, 0xb6, 0xda, 0x23, 0xd1, 0x1a, 0x4d, 0x08, 0x84, 0xe1, 
    0x86, 0x80, 0xb4, 0xc0, 0x60, 0x96, 0x81, 0x15, 0x5a, 0x21, 0x18, 0x31, 
    0x38, 0x00, 0x10, 0x04, 0x03, 0x31, 0x48, 0x2d, 0xb8, 0xf2, 0xa3, 0xbf, 
    0x1a, 0x4d, 0x08, 0x04, 0x0b, 0x72, 0x41, 0x3e, 0x26, 0xe4, 0x82, 0x7c, 
    0x6c, 0xc8, 0x05, 0xf9, 0x8c, 0x18, 0x38, 0x00, 0x08, 0x82, 0x01, 0x26, 
    0x5b, 0x70, 0xa5, 0x4a, 0xa2, 0x14, 0x4a, 0x7c, 0x35, 0x08, 0x41, 0x19, 
    0x84, 0xd5, 0x2c, 0x81, 0x5e, 0x0c, 0x37, 0x1c, 0xa6, 0x05, 0x06, 0xb3, 
    0x0c, 0xae, 0xf0, 0x0a, 0xc1, 0x88, 0xc1, 0x01, 0x80, 0x20, 0x18, 0x88, 
    0xc1, 0x6b, 0xd9, 0x15, 0x29, 0x95, 0xd6, 0x68, 0x42, 0x20, 0x58, 0x80, 
    0x07, 0xf2, 0x31, 0x01, 0x0f, 0xe4, 0x63, 0x03, 0x1e, 0xc8, 0x67, 0xc4, 
    0xc0, 0x01, 0x40, 0x10, 0x0c, 0x30, 0xdc, 0xb2, 0x2b, 0x58, 0x42, 0xa5, 
    0x53, 0x12, 0xad, 0x41, 0x08, 0xd6, 0xe0, 0xac, 0x66, 0x09, 0xf4, 0xc2, 
    0xf6, 0x40, 0x1c, 0xe2, 0x63, 0x7b, 0x20, 0x0e, 0xf1, 0xb1, 0x3d, 0x10, 
    0x87, 0xf8, 0x0c, 0x37, 0x40, 0xae, 0x05, 0x06, 0xb3, 0x0c, 0xb0, 0x10, 
    0x0b, 0x81, 0x11, 0x20, 0x25, 0x1f, 0x23, 0x42, 0x4a, 0x3e, 0x46, 0x88, 
    0x94, 0x7c, 0x6c, 0xa8, 0x29, 0xf8, 0xd8, 0x60, 0x53, 0xf0, 0xb1, 0xe1, 
    0xa6, 0xe0, 0x33, 0x62, 0x60, 0x00, 0x20, 0x08, 0x06, 0x51, 0x79, 0xad, 
    0xd6, 0x30, 0x62, 0x60, 0x00, 0x20, 0x08, 0x06, 0x91, 0x79, 0xb1, 0xd6, 
    0x30, 0x62, 0x60, 0x00, 0x20, 0x08, 0x06, 0xd1, 0x79, 0xb5, 0xd6, 0x30, 
    0x62, 0x60, 0x00, 0x20, 0x08, 0x06, 0x11, 0x7a, 0xb9, 0xd6, 0x30, 0x62, 
    0x60, 0x00, 0x20, 0x08, 0x06, 0x51, 0x7a, 0xbd, 0xd6, 0x30, 0x62, 0x60, 
    0x00, 0x20, 0x08, 0x06, 0x91, 0x7a, 0xc1, 0xd6, 0x30, 0x1c, 0x31, 0xc0, 
    0x15, 0xf1, 0x0d, 0x47, 0x0c, 0x71, 0x45, 0x7c, 0xc3, 0x11, 0x83, 0x5c, 
    0x11, 0xdf, 0x74, 0x43, 0x39, 0xd1, 0xd5, 0x30, 0xdd, 0x60, 0x4e, 0x75, 
    0x35, 0x4c, 0x37, 0x9c, 0x93, 0x5d, 0x0d, 0x96, 0xd4, 0x15, 0x7c, 0x2c, 
    0xb1, 0x2b, 0xf8, 0x58, 0x72, 0x57, 0xf0, 0xb1, 0xe1, 0xae, 0xe4, 0x63, 
    0x03, 0x5e, 0xc9, 0xc7, 0x86, 0xbc, 0x92, 0xcf, 0x88, 0x81, 0x01, 0x80, 
    0x20, 0x18, 0x44, 0xf7, 0xa5, 0x5b, 0xc3, 0x88, 0x81, 0x01, 0x80, 0x20, 
    0x18, 0x44, 0xf8, 0xb5, 0x5b, 0xc3, 0x88, 0x81, 0x01, 0x80, 0x20, 0x18, 
    0x44, 0xf9, 0xc5, 0x5b, 0x83, 0x0d, 0x7c, 0x25, 0x1f, 0x1b, 0xfa, 0x4a, 
    0x3e, 0x36, 0xf8, 0x95, 0x7c, 0x46, 0x0c, 0x0c, 0x00, 0x04, 0xc1, 0x20, 
    0xea, 0x2f, 0xf1, 0x1a, 0x46, 0x0c, 0x0c, 0x00, 0x04, 0xc1, 0x20, 0xf2, 
    0xaf, 0xf1, 0x1a, 0x46, 0x0c, 0x0c, 0x00, 0x04, 0xc1, 0x20, 0xfa, 0x2f, 
    0xf2, 0x1a, 0x0c, 0x0b, 0x2d, 0xf9, 0x18, 0x26, 0x5a, 0xf2, 0x31, 0x6c, 
    0xb4, 0xe4, 0x63, 0xc6, 0x10, 0x1f, 0x33, 0x86, 0xf8, 0x98, 0x31, 0xc4, 
    0xc7, 0x06, 0x4c, 0x3e, 0x36, 0x60, 0xf2, 0xb1, 0x01, 0x93, 0x8f, 0x0d, 
    0x09, 0x7c, 0x6c, 0x48, 0xe0, 0x63, 0x43, 0x02, 0x9f, 0x11, 0x83, 0x03, 
    0x00, 0x41, 0x30, 0x10, 0x83, 0x12, 0x63, 0x2f, 0x7d, 0xda, 0xaf, 0xd1, 
    0x84, 0x40, 0xb0, 0xa0, 0x90, 0x8f, 0x15, 0x82, 0x7c, 0xac, 0x18, 0xe4, 
    0x33, 0x62, 0xe0, 0x00, 0x20, 0x08, 0x06, 0x98, 0x8b, 0xb1, 0x97, 0x49, 
    0xf9, 0x53, 0x3f, 0xe1, 0xd7, 0x20, 0x04, 0xe1, 0xd0, 0x5b, 0xb3, 0x04, 
    0x7a, 0x31, 0x62, 0x70, 0x00, 0x20, 0x08, 0x06, 0x0a, 0x8d, 0x8d, 0x57, 
    0x48, 0x95, 0xd8, 0x68, 0x42, 0x00, 0x8c, 0x26, 0x08, 0xc1, 0x70, 0x43, 
    0xc0, 0x4f, 0x61, 0x30, 0xdc, 0x30, 0xfc, 0x53, 0x18, 0x94, 0x10, 0xec, 
    0x88, 0xc1, 0x01, 0x80, 0x20, 0x18, 0x94, 0xc1, 0x8b, 0xdd, 0x57, 0x49, 
    0x99, 0xd8, 0x68, 0x42, 0x10, 0x0c, 0x37, 0x04, 0x2e, 0x06, 0x06, 0xb3, 
    0x0c, 0xb3, 0x20, 0x0b, 0xc1, 0x70, 0x83, 0xb0, 0x62, 0x60, 0x50, 0x45, 
    0xa0, 0xb3, 0x0c, 0xb4, 0x90, 0x12, 0xc1, 0x2c, 0x03, 0x2d, 0xa4, 0x84, 
    0x31, 0xcb, 0x60, 0x0b, 0xb5, 0x80, 0x1a, 0x23, 0x06, 0x06, 0x00, 0x82, 
    0x60, 0x10, 0xf1, 0x98, 0x88, 0xe9, 0xc2, 0x88, 0x81, 0x01, 0x80, 0x20, 
    0x18, 0x44, 0x3d, 0x36, 0x62, 0xba, 0x30, 0x62, 0x60, 0x00, 0x20, 0x08, 
    0x06, 0x91, 0x8f, 0x91, 0x98, 0x2e, 0xcc, 0x12, 0x8c, 0xc3, 0x68, 0x02, 
    0x32, 0x0c, 0x37, 0x04, 0x34, 0x06, 0x06, 0xb3, 0x0c, 0xb7, 0xc0, 0x0b, 
    0xc1, 0x70, 0x04, 0x2f, 0xe8, 0x96, 0xf0, 0xcd, 0x32, 0xe0, 0x42, 0x2e, 
    0x04, 0xd6, 0x0b, 0xaf, 0x05, 0x1f, 0x0b, 0xe4, 0x4a, 0x3e, 0x23, 0x06, 
    0x06, 0x00, 0x82, 0x60, 0x10, 0x91, 0x59, 0x8a, 0x05, 0xb6, 0x5e, 0x41, 
    0x7c, 0x2c, 0x70, 0x2d, 0xf9, 0x58, 0x00, 0x5e, 0xf0, 0xb1, 0x60, 0x1c, 
    0xe8, 0x63, 0xc1, 0x39, 0xc8, 0xc7, 0x84, 0x73, 0x90, 0x8f, 0x0d, 0xe7, 
    0x20, 0x9f, 0x59, 0x82, 0x5c, 0x18, 0xa8, 0x70, 0x0c, 0x5c, 0xa0, 0x8d, 
    0x5b, 0x18, 0xa8, 0x70, 0x0c, 0x5c, 0xa0, 0x8d, 0x5b, 0x18, 0xa8, 0x70, 
    0x0c, 0x5c, 0xa0, 0x8d, 0x5b, 0x18, 0x31, 0x38, 0x00, 0x10, 0x04, 0x83, 
    0x07, 0xce, 0x66, 0x4c, 0x08, 0x46, 0x0c, 0x0e, 0x00, 0x04, 0xc1, 0xe0, 
    0x89, 0x33, 0x1a, 0x23, 0x82, 0xe1, 0x88, 0xe0, 0xbe, 0x84, 0x6f, 0x96, 
    0x41, 0x17, 0x76, 0x21, 0x30, 0x43, 0xa0, 0x8f, 0x19, 0x03, 0x7d, 0xcc, 
    0x20, 0xe8, 0x33, 0x4b, 0xb0, 0x0b, 0x03, 0x15, 0x8e, 0xa1, 0x0b, 0x52, 
    0x2e, 0x0c, 0x54, 0x38, 0x86, 0x2e, 0x48, 0xb9, 0x30, 0x50, 0xe1, 0x18, 
    0xba, 0x20, 0xe5, 0xc2, 0x88, 0x81, 0x01, 0x80, 0x20, 0x18, 0x44, 0x78, 
    0xe6, 0x63, 0xc3, 0x88, 0x81, 0x01, 0x80, 0x20, 0x18, 0x44, 0x79, 0xf6, 
    0x63, 0xc3, 0x88, 0x81, 0x01, 0x80, 0x20, 0x18, 0x44, 0x7a, 0x06, 0x66, 
    0xc3, 0x2c, 0xc1, 0x38, 0x0c, 0x37, 0x70, 0x6c, 0x26, 0x06, 0x23, 0x06, 
    0x07, 0x00, 0x82, 0x60, 0xf0, 0xf4, 0x19, 0x98, 0xe9, 0xc3, 0x5c, 0x8d, 
    0x18, 0x1c, 0x00, 0x08, 0x82, 0xc1, 0xe3, 0x67, 0x61, 0xa6, 0x0f, 0x74, 
    0x35, 0x62, 0x70, 0x00, 0x20, 0x08, 0x06, 0xcf, 0x9f, 0x89, 0x99, 0x3e, 
    0xd4, 0xd5, 0x88, 0xc1, 0x01, 0x80, 0x20, 0x18, 0x3c, 0xa0, 0x36, 0x66, 
    0x42, 0x30, 0x62, 0x70, 0x00, 0x20, 0x08, 0x06, 0x4f, 0xa8, 0x91, 0x19, 
    0x11, 0x0c, 0x47, 0x04, 0xfd, 0xa5, 0x7c, 0xb3, 0x0c, 0xbd, 0x10, 0x0e, 
    0xc7, 0x2c, 0x83, 0x2f, 0x8c, 0x43, 0x30, 0x1c, 0x21, 0xec, 0x97, 0xf2, 
    0xcd, 0x32, 0xfc, 0x02, 0x38, 0x04, 0x36, 0xc0, 0x17, 0x7c, 0x2c, 0x58, 
    0x2f, 0xf9, 0x58, 0x10, 0xc8, 0xc7, 0x02, 0x16, 0x83, 0xcf, 0x88, 0x81, 
    0x01, 0x80, 0x20, 0x18, 0x44, 0xa7, 0xa6, 0x63, 0x81, 0x05, 0x85, 0x7c, 
    0x2c, 0x10, 0x31, 0xf8, 0xcc, 0x12, 0x80, 0xc3, 0x40, 0x85, 0x23, 0xfc, 
    0x02, 0xe5, 0x0b, 0x16, 0x2c, 0xf4, 0xb1, 0x00, 0x92, 0x8f, 0x09, 0x90, 
    0x7c, 0x6c, 0x80, 0xe4, 0x33, 0x4b, 0x30, 0x0e, 0xb3, 0x0c, 0xe2, 0x30, 
    0x0e, 0x8e, 0x3d, 0x8f, 0x7c, 0x2c, 0xb0, 0x31, 0xf8, 0x8c, 0x18, 0x18, 
    0x00, 0x08, 0x82, 0x41, 0x14, 0x6b, 0x64, 0x16, 0x58, 0x20, 0xc9, 0xc7, 
    0x82, 0x89, 0x3e, 0x16, 0x60, 0xf2, 0x31, 0x01, 0x93, 0x8f, 0x0d, 0x98, 
    0x7c, 0x66, 0x09, 0xc6, 0x61, 0xa0, 0xc6, 0xb1, 0x87, 0x5a, 0xf0, 0x83, 
    0x5d, 0xb0, 0xc0, 0xc1, 0x0e, 0x7a, 0xc1, 0x10, 0x07, 0x3b, 0x08, 0x87, 
    0x81, 0x1a, 0xc7, 0x1e, 0x6a, 0xc1, 0x0f, 0x76, 0xc1, 0x02, 0x07, 0x3b, 
    0xe8, 0x05, 0x43, 0x1c, 0xec, 0x20, 0x1c, 0x06, 0x6a, 0x1c, 0x7b, 0xa8, 
    0x05, 0x3f, 0xd8, 0x05, 0x0b, 0x1c, 0xec, 0xa0, 0x17, 0x0c, 0x71, 0xb0, 
    0x83, 0x70, 0x18, 0x31, 0x58, 0x00, 0x10, 0x04, 0x03, 0x0b, 0xd7, 0xf0, 
    0x6c, 0x10, 0x02, 0x1d, 0xcb, 0x31, 0x1c, 0x1b, 0x6e, 0x18, 0x05, 0x56, 
    0x03, 0x83, 0x59, 0x06, 0x72, 0xd8, 0x87, 0x60, 0x34, 0x61, 0x15, 0x82, 
    0x5b, 0x05, 0xa7, 0x4e, 0x70, 0xca, 0x04, 0x1d, 0x91, 0x8f, 0x09, 0x3a, 
    0x22, 0x1f, 0x13, 0x5a, 0x0c, 0x3e, 0x26, 0xb8, 0x18, 0x7c, 0x46, 0x0c, 
    0x0c, 0x00, 0x04, 0xc1, 0x20, 0x1a, 0xb7, 0x3b, 0x23, 0x46, 0x0c, 0x0c, 
    0x00, 0x04, 0xc1, 0x20, 0x22, 0x37, 0x3c, 0x23, 0x4e, 0x18, 0xe8, 0x84, 
    0x81, 0xaa, 0x16, 0x48, 0x0d, 0x8a, 0x29, 0x35, 0x28, 0xc2, 0xd4, 0xa0, 
    0x88, 0x53, 0x83, 0x11, 0x83, 0x03, 0x00, 0x41, 0x30, 0x60, 0xda, 0x8d, 
    0xd4, 0x84, 0x5f, 0x1b, 0x31, 0x38, 0x00, 0x10, 0x04, 0x03, 0xc6, 0xdd, 
    0x4a, 0x4d, 0x00, 0xb7, 0x11, 0x83, 0x03, 0x00, 0x41, 0x30, 0x60, 0xde, 
    0xad, 0xd4, 0x04, 0x63, 0xc4, 0xe0, 0x00, 0x40, 0x10, 0x0c, 0x18, 0x78, 
    0x33, 0x35, 0xc1, 0x18, 0x31, 0x68, 0x00, 0x10, 0x04, 0x03, 0xca, 0xdd, 
    0x60, 0xed, 0xb7, 0xc6, 0x4d, 0x08, 0x6c, 0xcd, 0xd6, 0x6c, 0xcd, 0xd6, 
    0x46, 0x13, 0x02, 0x60, 0x34, 0x41, 0x08, 0x46, 0x13, 0x06, 0x61, 0xc4, 
    0xa0, 0x01, 0x40, 0x10, 0x0c, 0x28, 0x79, 0xa3, 0x35, 0xf2, 0x3a, 0x37, 
    0xa3, 0xd0, 0x35, 0x5d, 0xd3, 0x35, 0x5d, 0x1b, 0x4d, 0x08, 0x80, 0xd1, 
    0x04, 0x21, 0x18, 0x4d, 0x18, 0x84, 0x59, 0x86, 0x72, 0x30, 0x87, 0x31, 
    0x19, 0x31, 0x30, 0x00, 0x10, 0x04, 0x83, 0xe8, 0xde, 0x7a, 0xed, 0x18, 
    0x31, 0x30, 0x00, 0x10, 0x04, 0x83, 0x08, 0xdf, 0x7c, 0xed, 0x18, 0x31, 
    0x30, 0x00, 0x10, 0x04, 0x83, 0x28, 0xdf, 0x7e, 0xed, 0x18, 0x8e, 0x18, 
    0xfe, 0x8c, 0xf8, 0x86, 0x23, 0x06, 0x50, 0x23, 0xbe, 0xe1, 0x88, 0x21, 
    0xd4, 0x88, 0x6f, 0xba, 0x81, 0xbe, 0x46, 0x6d, 0x98, 0x6e, 0xa8, 0x2f, 
    0x52, 0x1b, 0xa6, 0x1b, 0xec, 0xab, 0xd4, 0x06, 0x4b, 0x48, 0x0d, 0x3e, 
    0x96, 0x94, 0x1a, 0x7c, 0x2c, 0x31, 0x35, 0xf8, 0xd8, 0x60, 0x6a, 0xf2, 
    0xb1, 0xe1, 0xd4, 0xe4, 0x63, 0x03, 0xaa, 0xc9, 0x67, 0xc4, 0xc0, 0x00, 
    0x40, 0x10, 0x0c, 0x22, 0x93, 0x4b, 0xb7, 0x61, 0xc4, 0xc0, 0x00, 0x40, 
    0x10, 0x0c, 0xa2, 0x93, 0x53, 0xb7, 0x61, 0xc4, 0xc0, 0x00, 0x40, 0x10, 
    0x0c, 0x22, 0x94, 0x5b, 0xb7, 0xc1, 0x86, 0x55, 0x93, 0x8f, 0x0d, 0xac, 
    0x26, 0x1f, 0x1b, 0x5a, 0x4d, 0x3e, 0x23, 0x06, 0x06, 0x00, 0x82, 0x60, 
    0x10, 0xb1, 0x5c, 0xbc, 0x0d, 0x23, 0x06, 0x06, 0x00, 0x82, 0x60, 0x10, 
    0xb5, 0x9c, 0xbc, 0x0d, 0x23, 0x06, 0x06, 0x00, 0x82, 0x60, 0x10, 0xb9, 
    0xdc, 0xbc, 0x0d, 0x86, 0xc1, 0x9a, 0x7c, 0x0c, 0x8b, 0x35, 0xf9, 0x18, 
    0x26, 0x6b, 0xf2, 0x31, 0x63, 0x88, 0x8f, 0x19, 0x43, 0x7c, 0xcc, 0x18, 
    0xe2, 0x63, 0x03, 0x26, 0x1f, 0x1b, 0x30, 0xf9, 0xd8, 0x80, 0xc9, 0xc7, 
    0x86, 0x04, 0x3e, 0x36, 0x24, 0xf0, 0xb1, 0x21, 0x81, 0xcf, 0x88, 0x81, 
    0x01, 0x80, 0x20, 0x18, 0x44, 0x3b, 0x17, 0x72, 0x67, 0x30, 0x62, 0x60, 
    0x00, 0x20, 0x08, 0x06, 0x11, 0xcf, 0x89, 0xdc, 0x19, 0x8c, 0x18, 0x18, 
    0x00, 0x08, 0x82, 0x41, 0xd4, 0x73, 0x23, 0x77, 0x06, 0xc3, 0x11, 0xc3, 
    0xb8, 0x11, 0xdf, 0x70, 0xc4, 0x40, 0x6e, 0xc4, 0x37, 0x1c, 0x31, 0x94, 
    0x1b, 0xf1, 0x4d, 0x37, 0xe0, 0xd8, 0xb9, 0x0d, 0xd3, 0x0d, 0x39, 0x86, 
    0x6e, 0xc3, 0x74, 0x83, 0x8e, 0xa5, 0xdb, 0x60, 0x09, 0xba, 0xc1, 0xc7, 
    0x92, 0x74, 0x83, 0x8f, 0x25, 0xea, 0x06, 0x1f, 0x1b, 0xd4, 0x4d, 0x3e, 
    0x36, 0xac, 0x9b, 0x7c, 0x6c, 0x60, 0x37, 0xf9, 0x8c, 0x18, 0x18, 0x00, 
    0x08, 0x82, 0x41, 0xa4, 0x76, 0x2d, 0x37, 0x8c, 0x18, 0x18, 0x00, 0x08, 
    0x82, 0x41, 0xb4, 0x76, 0x2e, 0x37, 0x8c, 0x18, 0x18, 0x00, 0x08, 0x82, 
    0x41, 0xc4, 0x76, 0x2f, 0x37, 0xd8, 0xf0, 0x6e, 0xf2, 0xb1, 0x01, 0xde, 
    0xe4, 0x63, 0x43, 0xbc, 0xc9, 0x67, 0xc4, 0xc0, 0x00, 0x40, 0x10, 0x0c, 
    0x22, 0xb8, 0xab, 0xb9, 0x61, 0xc4, 0xc0, 0x00, 0x40, 0x10, 0x0c, 0xa2, 
    0xb8, 0xb3, 0xb9, 0x61, 0xc4, 0xc0, 0x00, 0x40, 0x10, 0x0c, 0x22, 0xb9, 
    0xbb, 0xb9, 0xc1, 0x30, 0x7a, 0x93, 0x8f, 0x61, 0xf5, 0x26, 0x1f, 0xc3, 
    0xec, 0x4d, 0x3e, 0x66, 0x0c, 0xf1, 0x31, 0x63, 0x88, 0x8f, 0x19, 0x43, 
    0x7c, 0x6c, 0xc0, 0xe4, 0x63, 0x03, 0x26, 0x1f, 0x1b, 0x30, 0xf9, 0xd8, 
    0x90, 0xc0, 0xc7, 0x86, 0x04, 0x3e, 0x36, 0x24, 0xf0, 0x99, 0x25, 0x30, 
    0x87, 0x81, 0x0a, 0xc7, 0x15, 0xca, 0xc1, 0x27, 0xc8, 0x61, 0xa0, 0xc2, 
    0x71, 0x85, 0x72, 0xf0, 0x09, 0x72, 0x18, 0xa8, 0x70, 0x5c, 0xa1, 0x1c, 
    0x7c, 0x82, 0x1c, 0x06, 0x2a, 0x1c, 0xa6, 0x1c, 0x78, 0x82, 0x1c, 0x06, 
    0x2a, 0x1c, 0xa6, 0x1c, 0x78, 0x82, 0x1c, 0x06, 0x2a, 0x1c, 0xa6, 0x1c, 
    0x78, 0x82, 0x1c, 0x0e, 0x17, 0x1c, 0x3b, 0x5c, 0x70, 0xcc, 0xcc, 0x41, 
    0x88, 0x8f, 0x99, 0x83, 0x10, 0x9f, 0x11, 0x03, 0x03, 0x00, 0x41, 0x30, 
    0x88, 0x52, 0x6f, 0xef, 0x84, 0x11, 0x03, 0x03, 0x00, 0x41, 0x30, 0x88, 
    0x54, 0x8f, 0xef, 0x04, 0x8b, 0x39, 0x21, 0x3e, 0x23, 0x06, 0x07, 0x00, 
    0x82, 0x60, 0xf0, 0xb4, 0x1e, 0xdc, 0x05, 0xa3, 0x66, 0x33, 0x37, 0xc4, 
    0x67, 0xc4, 0xe0, 0x00, 0x40, 0x10, 0x0c, 0x9e, 0xd7, 0x93, 0xbb, 0xa0, 
    0xd4, 0x2c, 0x18, 0xe4, 0x33, 0x62, 0x90, 0x00, 0x20, 0x08, 0x06, 0xdc, 
    0xea, 0x99, 0xdd, 0x61, 0x1c, 0x86, 0x05, 0x29, 0x27, 0x9f, 0x11, 0x03, 
    0x03, 0x00, 0x41, 0x30, 0x88, 0x64, 0xef, 0xee, 0x02, 0x0b, 0x60, 0x4e, 
    0x3e, 0x16, 0x14, 0xf0, 0x19, 0x31, 0x58, 0x00, 0x10, 0x04, 0x03, 0x6b, 
    0xf6, 0xe6, 0xce, 0xaa, 0xa8, 0x9a, 0xa3, 0xb9, 0x99, 0xb3, 0x80, 0x1f, 
    0xe2, 0x33, 0x62, 0x60, 0x00, 0x20, 0x08, 0x06, 0xd1, 0xed, 0xa5, 0x5e, 
    0x30, 0x62, 0x70, 0x00, 0x20, 0x08, 0x06, 0x4f, 0xee, 0xf1, 0xdd, 0xe0, 
    0x0f, 0x16, 0xd8, 0x1c, 0x7c, 0x6c, 0x08, 0xe8, 0x63, 0x81, 0xcc, 0xc1, 
    0xc7, 0x02, 0x99, 0x93, 0xcf, 0x88, 0x81, 0x01, 0x80, 0x20, 0x18, 0x44, 
    0xbd, 0x37, 0x7a, 0x81, 0x05, 0x38, 0x27, 0x1f, 0xa3, 0xb9, 0x20, 0x3e, 
    0x36, 0x0c, 0xf2, 0xb1, 0x40, 0x90, 0x8f, 0xa1, 0x5d, 0x10, 0x1f, 0x0b, 
    0x1e, 0xf9, 0x98, 0x18, 0x94, 0x41, 0x7c, 0x4c, 0x0c, 0xca, 0x20, 0x3e, 
    0x26, 0x06, 0x65, 0x10, 0x1f, 0x23, 0x06, 0xf9, 0x58, 0x31, 0xc8, 0xc7, 
    0x8c, 0x41, 0x3e, 0x23, 0x06, 0x07, 0x00, 0x82, 0x60, 0xc0, 0xb0, 0xdf, 
    0xe8, 0x95, 0x84, 0xef, 0x8d, 0x18, 0x1c, 0x00, 0x08, 0x82, 0x01, 0xd3, 
    0x7e, 0xa3, 0x17, 0x90, 0xc4, 0x88, 0x41, 0x03, 0x80, 0x20, 0x18, 0x50, 
    0xeb, 0xd7, 0x7a, 0xbc, 0x06, 0x7e, 0x81, 0x3f, 0xcc, 0xde, 0xec, 0xcd, 
    0xde, 0xec, 0x8d, 0x26, 0x04, 0xc0, 0x68, 0x82, 0x10, 0x8c, 0x26, 0x0c, 
    0xc2, 0x88, 0x41, 0x03, 0x80, 0x20, 0x18, 0x50, 0xef, 0x17, 0x7b, 0xe1, 
    0x46, 0x7e, 0x85, 0x48, 0xdc, 0xde, 0xed, 0xdd, 0xde, 0xed, 0x8d, 0x26, 
    0x04, 0xc0, 0x68, 0x82, 0x10, 0x8c, 0x26, 0x0c, 0xc2, 0x2c, 0xc3, 0x39, 
    0xa0, 0x03, 0xd8, 0x8c, 0x18, 0x18, 0x00, 0x08, 0x82, 0x41, 0x44, 0x7f, 
    0xba, 0x77, 0x8c, 0x18, 0x18, 0x00, 0x08, 0x82, 0x41, 0x54, 0x7f, 0xbb, 
    0x77, 0x8c, 0x18, 0x18, 0x00, 0x08, 0x82, 0x41, 0x64, 0x7f, 0xbc, 0x77, 
    0x0c, 0x47, 0x0c, 0x7c, 0x47, 0x7c, 0xc3, 0x11, 0x43, 0xdf, 0x11, 0xdf, 
    0x70, 0xc4, 0xe0, 0x77, 0xc4, 0x37, 0xdd, 0x10, 0x6f, 0xa0, 0x37, 0x4c, 
    0x37, 0xc8, 0x5b, 0xe8, 0x0d, 0xd3, 0x0d, 0xf3, 0x26, 0x7a, 0x83, 0x25, 
    0xa1, 0x07, 0x1f, 0x4b, 0x44, 0x0f, 0x3e, 0x96, 0x8c, 0x1e, 0x7c, 0x6c, 
    0x18, 0x3d, 0xf9, 0xd8, 0x40, 0x7a, 0xf2, 0xb1, 0xa1, 0xf4, 0xe4, 0x33, 
    0x62, 0x60, 0x00, 0x20, 0x08, 0x06, 0xd1, 0x08, 0x06, 0xe6, 0x37, 0x8c, 
    0x18, 0x18, 0x00, 0x08, 0x82, 0x41, 0x44, 0x82, 0xc1, 0xf9, 0x0d, 0x23, 
    0x06, 0x06, 0x00, 0x82, 0x60, 0x10, 0x95, 0x60, 0x80, 0x7e, 0x83, 0x0d, 
    0xa8, 0x27, 0x1f, 0x1b, 0x52, 0x4f, 0x3e, 0x36, 0xa8, 0x9e, 0x7c, 0x46, 
    0x0c, 0x0c, 0x00, 0x04, 0xc1, 0x20, 0x4a, 0xc1, 0xc0, 0xfd, 0x86, 0x11, 
    0x03, 0x03, 0x00, 0x41, 0x30, 0x88, 0x54, 0x30, 0x78, 0xbf, 0x61, 0xc4, 
    0xc0, 0x00, 0x40, 0x10, 0x0c, 0xa2, 0x15, 0x0c, 0xe0, 0x6f, 0x30, 0xac, 
    0xf5, 0xe4, 0x63, 0x98, 0xeb, 0xc9, 0xc7, 0xb0, 0xd7, 0x93, 0x8f, 0x19, 
    0x43, 0x7c, 0xcc, 0x18, 0xe2, 0x63, 0xc6, 0x10, 0x1f, 0x1b, 0x30, 0xf9, 
    0xd8, 0x80, 0xc9, 0xc7, 0x06, 0x4c, 0x3e, 0x36, 0x24, 0xf0, 0xb1, 0x21, 
    0x81, 0x8f, 0x0d, 0x09, 0x7c, 0x46, 0x0c, 0x0c, 0x00, 0x04, 0xc1, 0x20, 
    0xc2, 0xc1, 0xc0, 0xff, 0xce, 0x60, 0xc4, 0xc0, 0x00, 0x40, 0x10, 0x0c, 
    0xa2, 0x1c, 0x0c, 0xfe, 0xef, 0x0c, 0x46, 0x0c, 0x0c, 0x00, 0x04, 0xc1, 
    0x20, 0xd2, 0xc1, 0x00, 0x04, 0x83, 0x33, 0x18, 0x8e, 0x18, 0xc0, 0x8f, 
    0xf8, 0x86, 0x23, 0x86, 0xf0, 0x23, 0xbe, 0xe1, 0x88, 0x41, 0xfc, 0x88, 
    0x6f, 0xba, 0xa1, 0xe6, 0xc8, 0x6f, 0x98, 0x6e, 0xb0, 0xb9, 0xf2, 0x1b, 
    0xa6, 0x1b, 0x6e, 0xce, 0xfc, 0x06, 0x4b, 0xca, 0x0f, 0x3e, 0x96, 0x98, 
    0x1f, 0x7c, 0x2c, 0x39, 0x3f, 0xf8, 0xd8, 0x70, 0x7e, 0xf2, 0xb1, 0x01, 
    0xfd, 0xe4, 0x63, 0x43, 0xfa, 0xc9, 0x67, 0xc4, 0xc0, 0x00, 0x40, 0x10, 
    0x0c, 0xa2, 0x33, 0x0c, 0x54, 0x30, 0x18, 0x46, 0x0c, 0x0c, 0x00, 0x04, 
    0xc1, 0x20, 0x42, 0xc3, 0x60, 0x05, 0x83, 0x61, 0xc4, 0xc0, 0x00, 0x40, 
    0x10, 0x0c, 0xa2, 0x34, 0x0c, 0x58, 0x30, 0x18, 0x6c, 0x60, 0x3f, 0xf9, 
    0xd8, 0xd0, 0x7e, 0xf2, 0xb1, 0xc1, 0xfd, 0xe4, 0x33, 0x62, 0x60, 0x00, 
    0x20, 0x08, 0x06, 0x51, 0x1b, 0x06, 0x32, 0x18, 0x0c, 0x23, 0x06, 0x06, 
    0x00, 0x82, 0x60, 0x10, 0xb9, 0x61, 0x30, 0x83, 0xc1, 0x30, 0x62, 0x60, 
    0x00, 0x20, 0x08, 0x06, 0xd1, 0x1b, 0x06, 0x34, 0x18, 0x0c, 0x86, 0xc5, 
    0x9f, 0x7c, 0x0c, 0x93, 0x3f, 0xf9, 0x18, 0x36, 0x7f, 0xf2, 0x31, 0x63, 
    0x88, 0x8f, 0x19, 0x43, 0x7c, 0xcc, 0x18, 0xe2, 0x63, 0x03, 0x26, 0x1f, 
    0x1b, 0x30, 0xf9, 0xd8, 0x80, 0xc9, 0xc7, 0x86, 0x04, 0x3e, 0x36, 0x24, 
    0xf0, 0xb1, 0x21, 0x81, 0xcf, 0x2c, 0x01, 0x3a, 0x0c, 0x54, 0x38, 0xae, 
    0x70, 0x0e, 0x3e, 0x61, 0x0e, 0x03, 0x15, 0x8e, 0x2b, 0x9c, 0x83, 0x4f, 
    0x98, 0xc3, 0x40, 0x85, 0xe3, 0x0a, 0xe7, 0xe0, 0x13, 0xe6, 0x30, 0x50, 
    0xe1, 0x30, 0xe7, 0xc0, 0x13, 0xe6, 0x30, 0x50, 0xe1, 0x30, 0xe7, 0xc0, 
    0x13, 0xe6, 0x30, 0x50, 0xe1, 0x30, 0xe7, 0xc0, 0x13, 0xe6, 0x70, 0xb7, 
    0xe0, 0x98, 0x89, 0x47, 0x10, 0x9f, 0x11, 0x03, 0x03, 0x00, 0x41, 0x30, 
    0x88, 0x48, 0x31, 0xb0, 0xc3, 0x20, 0xb0, 0x15, 0x0c, 0x82, 0xf8, 0x8c, 
    0x18, 0x1c, 0x00, 0x08, 0x82, 0xc1, 0x73, 0x8a, 0x81, 0x1a, 0x06, 0x41, 
    0xdf, 0x59, 0x90, 0x0f, 0xf2, 0x19, 0x31, 0x48, 0x00, 0x10, 0x04, 0x03, 
    0x6e, 0x14, 0x03, 0x1f, 0x0c, 0x08, 0x7f, 0x20, 0xfc, 0xc1, 0x82, 0x10, 
    0x0c, 0xe4, 0x33, 0x62, 0x60, 0x00, 0x20, 0x08, 0x06, 0x91, 0x2a, 0x06, 
    0x6f, 0x18, 0x04, 0x16, 0xa0, 0x60, 0x20, 0x1f, 0x0b, 0x0a, 0xf8, 0x8c, 
    0x18, 0x2c, 0x00, 0x08, 0x82, 0x81, 0xb5, 0x8a, 0xc1, 0x1a, 0x06, 0x11, 
    0xf4, 0xb4, 0x60, 0xc0, 0x82, 0xc1, 0x0a, 0x06, 0x16, 0xd0, 0x47, 0x7c, 
    0x46, 0x0c, 0x0c, 0x00, 0x04, 0xc1, 0x20, 0x7a, 0xc5, 0x20, 0x14, 0x83, 
    0x60, 0xc4, 0xe0, 0x00, 0x40, 0x10, 0x0c, 0x9e, 0x58, 0x0c, 0xe8, 0x30, 
    0x18, 0xec, 0xc3, 0x02, 0x17, 0x0c, 0xe0, 0x63, 0x43, 0x40, 0x1f, 0x0b, 
    0x54, 0x30, 0x80, 0x8f, 0x05, 0x2a, 0x18, 0xc8, 0x67, 0xc4, 0xc0, 0x00, 
    0x40, 0x10, 0x0c, 0xa2, 0x5a, 0x0c, 0xf6, 0x30, 0x08, 0x2c, 0x80, 0xc1, 
    0x40, 0x3e, 0xc6, 0x82, 0x41, 0x10, 0x1f, 0x1b, 0x06, 0xf9, 0x58, 0x20, 
    0xc8, 0xc7, 0xc0, 0x30, 0x08, 0xe2, 0x63, 0xc1, 0x23, 0x1f, 0xeb, 0xc0, 
    0x20, 0x3e, 0xd6, 0x81, 0x41, 0x7c, 0xac, 0x03, 0x83, 0xf8, 0x18, 0x31, 
    0xc8, 0xc7, 0x8a, 0x41, 0x3e, 0x66, 0x0c, 0xf2, 0xb1, 0x61, 0x1f, 0xe0, 
    0x63, 0xc3, 0x3e, 0xc0, 0xc7, 0x86, 0x7d, 0x80, 0x8f, 0x29, 0x22, 0x01, 
    0x9f, 0x0a, 0x91, 0x5d, 0x0c, 0x60, 0xc4, 0xe0, 0x00, 0x40, 0x10, 0x0c, 
    0x98, 0x74, 0x0c, 0x40, 0x31, 0x08, 0x76, 0x31, 0x18, 0x31, 0x38, 0x00, 
    0x10, 0x04, 0x03, 0x46, 0x1d, 0x03, 0x50, 0x0c, 0x82, 0x10, 0x19, 0x31, 
    0x68, 0x00, 0x10, 0x04, 0x03, 0x0a, 0x1d, 0x03, 0x55, 0x0c, 0x72, 0xaf, 
    0x17, 0x83, 0x60, 0x3f, 0x60, 0x31, 0x80, 0xc5, 0x00, 0x16, 0x03, 0x58, 
    0x0c, 0x46, 0x13, 0x02, 0x60, 0x34, 0x41, 0x08, 0x46, 0x13, 0x06, 0x61, 
    0xc4, 0xa0, 0x01, 0x40, 0x10, 0x0c, 0x28, 0x76, 0x0c, 0x5c, 0x31, 0xf0, 
    0xbd, 0x70, 0x0c, 0x8a, 0xff, 0xa0, 0xc5, 0x80, 0x16, 0x03, 0x5a, 0x0c, 
    0x68, 0x31, 0x18, 0x4d, 0x08, 0x80, 0xd1, 0x04, 0x21, 0x18, 0x4d, 0x18, 
    0x84, 0x59, 0x86, 0x74, 0x50, 0x87, 0x1e, 0x1a, 0x31, 0x30, 0x00, 0x10, 
    0x04, 0x83, 0x28, 0x1e, 0x83, 0x5b, 0x0c, 0x8e, 0x11, 0x03, 0x03, 0x00, 
    0x41, 0x30, 0x88, 0xe4, 0x31, 0xc0, 0xc5, 0xe0, 0x18, 0x31, 0x30, 0x00, 
    0x10, 0x04, 0x83, 0x68, 0x1e, 0x83, 0x5c, 0x0c, 0x8e, 0xe1, 0x88, 0x21, 
    0x0f, 0x03, 0xe2, 0x1b, 0x8e, 0x18, 0xf4, 0x30, 0x20, 0xbe, 0xe1, 0x88, 
    0x61, 0x0f, 0x03, 0xe2, 0x9b, 0x6e, 0x70, 0xbf, 0x3e, 0x0c, 0x86, 0xe9, 
    0x86, 0xf7, 0xf3, 0xc3, 0x60, 0x98, 0x6e, 0x80, 0xbf, 0x3f, 0x0c, 0x06, 
    0x4b, 0xfc, 0x30, 0x80, 0x8f, 0x25, 0x7f, 0x18, 0xc0, 0xc7, 0x12, 0x50, 
    0x0c, 0xe0, 0x63, 0x03, 0x28, 0x06, 0xf2, 0xb1, 0x21, 0x14, 0x03, 0xf9, 
    0xd8, 0x20, 0x8a, 0x81, 0x7c, 0x46, 0x0c, 0x0c, 0x00, 0x04, 0xc1, 0x20, 
    0x02, 0xc9, 0x60, 0x1c, 0x83, 0x61, 0xc4, 0xc0, 0x00, 0x40, 0x10, 0x0c, 
    0xa2, 0x90, 0x0c, 0xc8, 0x31, 0x18, 0x46, 0x0c, 0x0c, 0x00, 0x04, 0xc1, 
    0x20, 0x12, 0xc9, 0xa0, 0x1c, 0x83, 0xc1, 0x86, 0x52, 0x0c, 0xe4, 0x63, 
    0x83, 0x29, 0x06, 0xf2, 0xb1, 0xe1, 0x14, 0x03, 0xf9, 0x8c, 0x18, 0x18, 
    0x00, 0x08, 0x82, 0x41, 0x64, 0x92, 0xc1, 0x3a, 0x06, 0xc3, 0x88, 0x81, 
    0x01, 0x80, 0x20, 0x18, 0x44, 0x27, 0x19, 0xb0, 0x63, 0x30, 0x8c, 0x18, 
    0x18, 0x00, 0x08, 0x82, 0x41, 0x84, 0x92, 0x41, 0x3b, 0x06, 0x83, 0x61, 
    0xaa, 0x18, 0xc8, 0xc7, 0xb0, 0x55, 0x0c, 0xe4, 0x63, 0x18, 0x2b, 0x06, 
    0xf2, 0x31, 0x63, 0x88, 0x8f, 0x19, 0x43, 0x7c, 0xcc, 0x18, 0xe2, 0x63, 
    0x03, 0x26, 0x1f, 0x1b, 0x30, 0xf9, 0xd8, 0x80, 0xc9, 0xc7, 0x86, 0x04, 
    0x3e, 0x36, 0x24, 0xf0, 0xb1, 0x21, 0x81, 0xcf, 0x88, 0x81, 0x01, 0x80, 
    0x20, 0x18, 0x44, 0x35, 0x19, 0xec, 0x63, 0x70, 0x06, 0x23, 0x06, 0x06, 
    0x00, 0x82, 0x60, 0x10, 0xd9, 0x64, 0xc0, 0x8f, 0xc1, 0x19, 0x8c, 0x18, 
    0x18, 0x00, 0x08, 0x82, 0x41, 0x74, 0x93, 0x41, 0x3f, 0x06, 0x67, 0x30, 
    0x1c, 0x31, 0xf4, 0x62, 0x40, 0x7c, 0xc3, 0x11, 0x83, 0x2f, 0x06, 0xc4, 
    0x37, 0x1c, 0x31, 0xfc, 0x62, 0x40, 0x7c, 0xd3, 0x0d, 0x32, 0x18, 0x84, 
    0x63, 0x30, 0x4c, 0x37, 0xcc, 0x60, 0x20, 0x8e, 0xc1, 0x30, 0xdd, 0x40, 
    0x83, 0xc1, 0x38, 0x06, 0x83, 0x25, 0xe2, 0x18, 0xc0, 0xc7, 0x92, 0x71, 
    0x0c, 0xe0, 0x63, 0x09, 0x39, 0x06, 0xf0, 0xb1, 0x81, 0x1c, 0x03, 0xf9, 
    0xd8, 0x50, 0x8e, 0x81, 0x7c, 0x6c, 0x30, 0xc7, 0x40, 0x3e, 0x23, 0x06, 
    0x06, 0x00, 0x82, 0x60, 0x10, 0x91, 0x65, 0x70, 0x92, 0xc1, 0x30, 0x62, 
    0x60, 0x00, 0x20, 0x08, 0x06, 0x51, 0x59, 0x06, 0x28, 0x19, 0x0c, 0x23, 
    0x06, 0x06, 0x00, 0x82, 0x60, 0x10, 0x99, 0x65, 0x90, 0x92, 0xc1, 0x60, 
    0x43, 0x3a, 0x06, 0xf2, 0xb1, 0x41, 0x1d, 0x03, 0xf9, 0xd8, 0xb0, 0x8e, 
    0x81, 0x7c, 0x46, 0x0c, 0x0c, 0x00, 0x04, 0xc1, 0x20, 0x52, 0xcb, 0xe0, 
    0x25, 0x83, 0x61, 0xc4, 0xc0, 0x00, 0x40, 0x10, 0x0c, 0xa2, 0xb5, 0x0c, 
    0x60, 0x32, 0x18, 0x46, 0x0c, 0x0c, 0x00, 0x04, 0xc1, 0x20, 0x62, 0xcb, 
    0x20, 0x26, 0x83, 0xc1, 0x30, 0x77, 0x0c, 0xe4, 0x63, 0xd8, 0x3b, 0x06, 
    0xf2, 0x31, 0x0c, 0x1e, 0x03, 0xf9, 0x98, 0x31, 0xc4, 0xc7, 0x8c, 0x21, 
    0x3e, 0x66, 0x0c, 0xf1, 0xb1, 0x01, 0x93, 0x8f, 0x0d, 0x98, 0x7c, 0x6c, 
    0xc0, 0xe4, 0x63, 0x43, 0x02, 0x1f, 0x1b, 0x12, 0xf8, 0xd8, 0x90, 0xc0, 
    0x67, 0x96, 0x40, 0x1d, 0x06, 0x2a, 0x1c, 0x57, 0x48, 0x07, 0x9f, 0x40, 
    0x87, 0x81, 0x0a, 0xc7, 0x15, 0xd2, 0xc1, 0x27, 0xd0, 0x61, 0xa0, 0xc2, 
    0x71, 0x85, 0x74, 0xf0, 0x09, 0x74, 0x18, 0xa8, 0x70, 0x98, 0x74, 0xe0, 
    0x09, 0x74, 0x18, 0xa8, 0x70, 0x98, 0x74, 0xe0, 0x09, 0x74, 0x18, 0xa8, 
    0x70, 0x98, 0x74, 0xe0, 0x09, 0x74, 0xb8, 0x5b, 0x70, 0xcc, 0x7e, 0x25, 
    0x88, 0xcf, 0x88, 0x81, 0x01, 0x80, 0x20, 0x18, 0x44, 0xa1, 0x19, 0xcc, 
    0x65, 0x10, 0x18, 0x4a, 0x06, 0x41, 0x7c, 0x46, 0x0c, 0x0e, 0x00, 0x04, 
    0xc1, 0xe0, 0x21, 0xcd, 0xe0, 0x2c, 0x83, 0x40, 0x0f, 0x03, 0x0b, 0xec, 
    0x43, 0x3e, 0x23, 0x06, 0x09, 0x00, 0x82, 0x60, 0xc0, 0x81, 0x66, 0xb0, 
    0x93, 0x01, 0xb1, 0x1f, 0xc4, 0x7e, 0x58, 0xe0, 0x8f, 0x81, 0x7c, 0x46, 
    0x0c, 0x0c, 0x00, 0x04, 0xc1, 0x20, 0x3a, 0xcd, 0x80, 0x2d, 0x83, 0xc0, 
    0x82, 0x92, 0x0c, 0xe4, 0x63, 0x41, 0x01, 0x9f, 0x11, 0x83, 0x05, 0x00, 
    0x41, 0x30, 0xb0, 0x50, 0x33, 0x40, 0xcb, 0x20, 0x82, 0x1e, 0x95, 0x0c, 
    0x52, 0x32, 0x40, 0xc9, 0xc0, 0x82, 0x78, 0x89, 0xcf, 0x88, 0x81, 0x01, 
    0x80, 0x20, 0x18, 0x44, 0xac, 0x19, 0xf8, 0x65, 0x10, 0x8c, 0x18, 0x1c, 
    0x00, 0x08, 0x82, 0xc1, 0xe3, 0x9a, 0x41, 0x5c, 0x06, 0xc3, 0xbc, 0x58, 
    0xb0, 0x92, 0x01, 0x7c, 0x6c, 0x08, 0xe8, 0x63, 0xc1, 0x49, 0x06, 0xf0, 
    0xb1, 0xe0, 0x24, 0x03, 0xf9, 0x8c, 0x18, 0x18, 0x00, 0x08, 0x82, 0x41, 
    0x24, 0x9b, 0x01, 0x5e, 0x06, 0x81, 0x05, 0x2d, 0x19, 0xc8, 0xc7, 0x52, 
    0x32, 0x08, 0xe2, 0x63, 0xc3, 0x20, 0x1f, 0x0b, 0x04, 0xf9, 0x58, 0x4f, 
    0x06, 0x41, 0x7c, 0x2c, 0x78, 0xe4, 0x63, 0x1d, 0x18, 0xc4, 0xc7, 0x3a, 
    0x30, 0x88, 0x8f, 0x75, 0x60, 0x10, 0x1f, 0x23, 0x06, 0xf9, 0x58, 0x31, 
    0xc8, 0xc7, 0x8c, 0x41, 0x3e, 0xd6, 0x0f, 0x03, 0x7c, 0xac, 0x1f, 0x06, 
    0xf8, 0x58, 0x3f, 0x0c, 0xf0, 0xb1, 0x7e, 0x50, 0xe0, 0x33, 0x62, 0x70, 
    0x00, 0x20, 0x08, 0x06, 0x4c, 0x79, 0x06, 0x7c, 0x19, 0xf4, 0xcb, 0x6d, 
    0x06, 0x23, 0x06, 0x07, 0x00, 0x82, 0x60, 0xc0, 0x98, 0x67, 0xc0, 0x97, 
    0x41, 0xc0, 0x2f, 0x23, 0x06, 0x0d, 0x00, 0x82, 0x60, 0x40, 0x91, 0x67, 
    0x60, 0x9a, 0x41, 0x2d, 0x06, 0xb9, 0x19, 0xe0, 0x4b, 0xc0, 0x9a, 0x01, 
    0x6b, 0x06, 0xac, 0x19, 0xb0, 0x66, 0x30, 0x9a, 0x10, 0x00, 0xa3, 0x09, 
    0x42, 0x30, 0x9a, 0x30, 0x08, 0x23, 0x06, 0x0d, 0x00, 0x82, 0x60, 0x40, 
    0xa1, 0x67, 0xa0, 0x9a, 0x81, 0x2e, 0x06, 0xbd, 0x19, 0xf0, 0x4b, 0x01, 
    0x9b, 0x01, 0x6c, 0x06, 0xb0, 0x19, 0xc0, 0x66, 0x30, 0x9a, 0x10, 0x00, 
    0xa3, 0x09, 0x42, 0x30, 0x9a, 0x30, 0x08, 0xb3, 0x0c, 0xeb, 0xc0, 0x0e, 
    0x39, 0x35, 0x62, 0x60, 0x00, 0x20, 0x08, 0x06, 0x51, 0x7b, 0x06, 0xb3, 
    0x19, 0x1c, 0x23, 0x06, 0x06, 0x00, 0x82, 0x60, 0x10, 0xb9, 0x67, 0x40, 
    0x9b, 0xc1, 0x31, 0x62, 0x60, 0x00, 0x20, 0x08, 0x06, 0xd1, 0x7b, 0x06, 
    0xb5, 0x19, 0x1c, 0xc3, 0x11, 0x43, 0x5d, 0x06, 0xc4, 0x37, 0x1c, 0x31, 
    0xd8, 0x65, 0x40, 0x7c, 0xc3, 0x11, 0xc3, 0x5d, 0x06, 0xc4, 0x37, 0xdd, 
    0xa0, 0x8e, 0x41, 0x5e, 0x06, 0xc3, 0x74, 0xc3, 0x3a, 0x06, 0x7a, 0x19, 
    0x0c, 0xd3, 0x0d, 0xec, 0x18, 0xec, 0x65, 0x30, 0x58, 0xa2, 0x97, 0x01, 
    0x7c, 0x2c, 0xd9, 0xcb, 0x00, 0x3e, 0x96, 0xf0, 0x65, 0x00, 0x1f, 0x1b, 
    0xf8, 0x32, 0x90, 0x8f, 0x0d, 0x7d, 0x19, 0xc8, 0xc7, 0x06, 0xbf, 0x0c, 
    0xe4, 0x33, 0x62, 0x60, 0x00, 0x20, 0x08, 0x06, 0x11, 0x7f, 0x06, 0xbf, 
    0x19, 0x0c, 0x23, 0x06, 0x06, 0x00, 0x82, 0x60, 0x10, 0xf5, 0x67, 0x00, 
    0x9e, 0xc1, 0x30, 0x62, 0x60, 0x00, 0x20, 0x08, 0x06, 0x91, 0x7f, 0x06, 
    0xe1, 0x19, 0x0c, 0x36, 0x84, 0x66, 0x20, 0x1f, 0x1b, 0x44, 0x33, 0x90, 
    0x8f, 0x0d, 0xa3, 0x19, 0xc8, 0x67, 0xc4, 0xc0, 0x00, 0x40, 0x10, 0x0c, 
    0x22, 0x11, 0x0d, 0xce, 0x33, 0x18, 0x46, 0x0c, 0x0c, 0x00, 0x04, 0xc1, 
    0x20, 0x1a, 0xd1, 0x00, 0x3d, 0x83, 0x61, 0xc4, 0xc0, 0x00, 0x40, 0x10, 
    0x0c, 0x22, 0x12, 0x0d, 0xd2, 0x33, 0x18, 0x0c, 0x33, 0xcd, 0x40, 0x3e, 
    0x86, 0x9d, 0x66, 0x20, 0x1f, 0xc3, 0x50, 0x33, 0x90, 0x8f, 0x19, 0x43, 
    0x7c, 0xcc, 0x18, 0xe2, 0x63, 0xc6, 0x10, 0x1f, 0x1b, 0x30, 0xf9, 0xd8, 
    0x80, 0xc9, 0xc7, 0x06, 0x4c, 0x3e, 0x36, 0x24, 0xf0, 0xb1, 0x21, 0x81, 
    0x8f, 0x0d, 0x09, 0x7c, 0x46, 0x0c, 0x0c, 0x00, 0x04, 0xc1, 0x20, 0x8a, 
    0xd1, 0xe0, 0x3e, 0x83, 0x33, 0x18, 0x31, 0x30, 0x00, 0x10, 0x04, 0x83, 
    0x48, 0x46, 0x03, 0xfc, 0x0c, 0xce, 0x60, 0xc4, 0xc0, 0x00, 0x40, 0x10, 
    0x0c, 0xa2, 0x19, 0x0d, 0xf2, 0x33, 0x38, 0x83, 0xe1, 0x88, 0x21, 0x37, 
    0x03, 0xe2, 0x1b, 0x8e, 0x18, 0x74, 0x33, 0x20, 0xbe, 0xe1, 0x88, 0x61, 
    0x37, 0x03, 0xe2, 0x9b, 0x6e, 0x70, 0xc9, 0xa0, 0x37, 0x83, 0x61, 0xba, 
    0xe1, 0x25, 0x03, 0xdf, 0x0c, 0x86, 0xe9, 0x06, 0x98, 0x0c, 0x7e, 0x33, 
    0x18, 0x2c, 0xf1, 0xcd, 0x00, 0x3e, 0x96, 0xfc, 0x66, 0x00, 0x1f, 0x4b, 
    0xc0, 0x33, 0x80, 0x8f, 0x0d, 0xe0, 0x19, 0xc8, 0xc7, 0x86, 0xf0, 0x0c, 
    0xe4, 0x63, 0x83, 0x78, 0x06, 0xf2, 0x19, 0x31, 0x30, 0x00, 0x10, 0x04, 
    0x83, 0x08, 0x4c, 0x83, 0x11, 0x0d, 0x86, 0x11, 0x03, 0x03, 0x00, 0x41, 
    0x30, 0x88, 0xc2, 0x34, 0x20, 0xd1, 0x60, 0x18, 0x31, 0x30, 0x00, 0x10, 
    0x04, 0x83, 0x48, 0x4c, 0x83, 0x12, 0x0d, 0x06, 0x1b, 0xca, 0x33, 0x90, 
    0x8f, 0x0d, 0xe6, 0x19, 0xc8, 0xc7, 0x86, 0xf3, 0x0c, 0xe4, 0x33, 0x62, 
    0x60, 0x00, 0x20, 0x08, 0x06, 0x91, 0x99, 0x06, 0x2b, 0x1a, 0x0c, 0x23, 
    0x06, 0x06, 0x00, 0x82, 0x60, 0x10, 0x9d, 0x69, 0xc0, 0xa2, 0xc1, 0x30, 
    0x62, 0x60, 0x00, 0x20, 0x08, 0x06, 0x11, 0x9a, 0x06, 0x2d, 0x1a, 0x0c, 
    0x86, 0xa9, 0x67, 0x20, 0x1f, 0xc3, 0xd6, 0x33, 0x90, 0x8f, 0x61, 0xec, 
    0x19, 0xc8, 0xc7, 0x8c, 0x21, 0x3e, 0x66, 0x0c, 0xf1, 0x31, 0x63, 0x88, 
    0x8f, 0x0d, 0x98, 0x7c, 0x6c, 0xc0, 0xe4, 0x63, 0x03, 0x26, 0x1f, 0x1b, 
    0x12, 0xf8, 0xd8, 0x90, 0xc0, 0xc7, 0x86, 0x04, 0x3e, 0xb3, 0x04, 0xec, 
    0x30, 0x50, 0xe1, 0xb8, 0xc2, 0x3a, 0xf8, 0x84, 0x3a, 0x0c, 0x54, 0x38, 
    0xae, 0xb0, 0x0e, 0x3e, 0xa1, 0x0e, 0x03, 0x15, 0x8e, 0x2b, 0xac, 0x83, 
    0x4f, 0xa8, 0xc3, 0x40, 0x85, 0xc3, 0xac, 0x03, 0x4f, 0xa8, 0xc3, 0x40, 
    0x85, 0xc3, 0xac, 0x03, 0x4f, 0xa8, 0xc3, 0x40, 0x85, 0xc3, 0xac, 0x03, 
    0x4f, 0xa8, 0xc3, 0xdd, 0x82, 0x63, 0xa6, 0x3b, 0x41, 0x7c, 0x46, 0x0c, 
    0x0c, 0x00, 0x04, 0xc1, 0x20, 0xea, 0xd3, 0xe0, 0x4d, 0x83, 0xc0, 0x48, 
    0x34, 0x08, 0xe2, 0x33, 0x62, 0x70, 0x00, 0x20, 0x08, 0x06, 0x0f, 0xa8, 
    0x06, 0x63, 0x1a, 0x04, 0x76, 0x19, 0x58, 0x40, 0x2f, 0xf2, 0x19, 0x31, 
    0x48, 0x00, 0x10, 0x04, 0x03, 0x8e, 0x4f, 0x83, 0x1b, 0x0d, 0xf0, 0x85, 
    0xc0, 0x17, 0xc2, 0x02, 0xfd, 0x0c, 0xe4, 0x33, 0x62, 0x60, 0x00, 0x20, 
    0x08, 0x06, 0xd1, 0xa8, 0x06, 0x68, 0x1a, 0x04, 0x16, 0x84, 0x68, 0x20, 
    0x1f, 0x0b, 0x0a, 0xf8, 0x8c, 0x18, 0x2c, 0x00, 0x08, 0x82, 0x81, 0x45, 
    0xaa, 0x01, 0x99, 0x06, 0x11, 0xf4, 0x98, 0x68, 0x50, 0xa2, 0x01, 0x89, 
    0x06, 0x16, 0xb4, 0x4f, 0x7c, 0x46, 0x0c, 0x0c, 0x00, 0x04, 0xc1, 0x20, 
    0x42, 0xd5, 0x40, 0x4f, 0x83, 0x60, 0xc4, 0xe0, 0x00, 0x40, 0x10, 0x0c, 
    0x1e, 0x55, 0x0d, 0xda, 0x34, 0x18, 0xde, 0xc7, 0x82, 0x13, 0x0d, 0xe0, 
    0x63, 0x43, 0x40, 0x1f, 0x0b, 0x46, 0x34, 0x80, 0x8f, 0x05, 0x23, 0x1a, 
    0xc8, 0x67, 0xc4, 0xc0, 0x00, 0x40, 0x10, 0x0c, 0x22, 0x57, 0x0d, 0xe8, 
    0x34, 0x08, 0x2c, 0x48, 0xd1, 0x40, 0x3e, 0x56, 0xa2, 0x41, 0x10, 0x1f, 
    0x1b, 0x06, 0xf9, 0x58, 0x20, 0xc8, 0xc7, 0x72, 0x34, 0x08, 0xe2, 0x63, 
    0xc1, 0x23, 0x1f, 0xeb, 0xc0, 0x20, 0x3e, 0xd6, 0x81, 0x41, 0x7c, 0xac, 
    0x03, 0x83, 0xf8, 0x18, 0x31, 0xc8, 0xc7, 0x8a, 0x41, 0x3e, 0x66, 0x0c, 
    0xf2, 0x31, 0x7e, 0x18, 0xe0, 0x63, 0xfc, 0x30, 0xc0, 0xc7, 0xf8, 0x61, 
    0x80, 0x8f, 0xf1, 0x83, 0x02, 0x9f, 0x11, 0x83, 0x06, 0x00, 0x41, 0x30, 
    0xa0, 0x7c, 0x35, 0x00, 0xd5, 0xe0, 0x35, 0x83, 0x59, 0x0d, 0xe8, 0x65, 
    0x1f, 0x4c, 0x35, 0x30, 0xd5, 0xc0, 0x54, 0x03, 0x53, 0x0d, 0x46, 0x13, 
    0x02, 0x60, 0x34, 0x41, 0x08, 0x46, 0x13, 0x06, 0x61, 0xc4, 0xa0, 0x01, 
    0x40, 0x10, 0x0c, 0x28, 0x71, 0x0d, 0x48, 0x35, 0xa0, 0xcd, 0xe0, 0x56, 
    0x03, 0x7c, 0xf9, 0x07, 0x55, 0x0d, 0x54, 0x35, 0x50, 0xd5, 0x40, 0x55, 
    0x83, 0xd1, 0x84, 0x00, 0x18, 0x4d, 0x10, 0x82, 0xd1, 0x84, 0x41, 0x98, 
    0x65, 0x68, 0x07, 0x77, 0x98, 0xb1, 0x11, 0x03, 0x03, 0x00, 0x41, 0x30, 
    0x88, 0xce, 0x35, 0x68, 0xd5, 0xe0, 0x18, 0x31, 0x30, 0x00, 0x10, 0x04, 
    0x83, 0x08, 0x5d, 0x03, 0x57, 0x0d, 0x8e, 0x11, 0x03, 0x03, 0x00, 0x41, 
    0x30, 0x88, 0xd2, 0x35, 0x78, 0xd5, 0xe0, 0x18, 0x8e, 0x18, 0xde, 0x34, 
    0x20, 0xbe, 0xe1, 0x88, 0x01, 0x4e, 0x03, 0xe2, 0x1b, 0x8e, 0x18, 0xe2, 
    0x34, 0x20, 0xbe, 0xe9, 0x06, 0xf2, 0x0c, 0xe6, 0x34, 0x18, 0xa6, 0x1b, 
    0xca, 0x33, 0xa0, 0xd3, 0x60, 0x98, 0x6e, 0x30, 0xcf, 0xa0, 0x4e, 0x83, 
    0xc1, 0x12, 0x3a, 0x0d, 0xe0, 0x63, 0x49, 0x9d, 0x06, 0xf0, 0xb1, 0xc4, 
    0x4e, 0x03, 0xf8, 0xd8, 0x60, 0xa7, 0x81, 0x7c, 0x6c, 0xb8, 0xd3, 0x40, 
    0x3e, 0x36, 0xe0, 0x69, 0x20, 0x9f, 0x11, 0x03, 0x03, 0x00, 0x41, 0x30, 
    0x88, 0xec, 0x35, 0xc8, 0xd5, 0x60, 0x18, 0x31, 0x30, 0x00, 0x10, 0x04, 
    0x83, 0xe8, 0x5e, 0x03, 0x5d, 0x0d, 0x86, 0x11, 0x03, 0x03, 0x00, 0x41, 
    0x30, 0x88, 0xf0, 0x35, 0xd8, 0xd5, 0x60, 0xb0, 0x61, 0x4f, 0x03, 0xf9, 
    0xd8, 0xc0, 0xa7, 0x81, 0x7c, 0x6c, 0xe8, 0xd3, 0x40, 0x3e, 0x23, 0x06, 
    0x06, 0x00, 0x82, 0x60, 0x10, 0xf1, 0x6b, 0x10, 0xae, 0xc1, 0x30, 0x62, 
    0x60, 0x00, 0x20, 0x08, 0x06, 0x51, 0xbf, 0x06, 0xe2, 0x1a, 0x0c, 0x23, 
    0x06, 0x06, 0x00, 0x82, 0x60, 0x10, 0xf9, 0x6b, 0x30, 0xae, 0xc1, 0x60, 
    0x18, 0xa8, 0x06, 0xf2, 0x31, 0x2c, 0x54, 0x03, 0xf9, 0x18, 0x26, 0xaa, 
    0x81, 0x7c, 0xcc, 0x18, 0xe2, 0x63, 0xc6, 0x10, 0x1f, 0x33, 0x86, 0xf8, 
    0xd8, 0x80, 0xc9, 0xc7, 0x06, 0x4c, 0x3e, 0x36, 0x60, 0xf2, 0xb1, 0x21, 
    0x81, 0x8f, 0x0d, 0x09, 0x7c, 0x6c, 0x48, 0xe0, 0x33, 0x62, 0x60, 0x00, 
    0x20, 0x08, 0x06, 0xd1, 0xca, 0x06, 0xf1, 0x1a, 0x9c, 0xc1, 0x88, 0x81, 
    0x01, 0x80, 0x20, 0x18, 0x44, 0x2c, 0x1b, 0xc8, 0x6b, 0x70, 0x06, 0x23, 
    0x06, 0x06, 0x00, 0x82, 0x60, 0x10, 0xb5, 0x6c, 0x30, 0xaf, 0xc1, 0x19, 
    0x0c, 0x47, 0x0c, 0xb3, 0x1a, 0x10, 0xdf, 0x70, 0xc4, 0x40, 0xab, 0x01, 
    0xf1, 0x0d, 0x47, 0x0c, 0xb5, 0x1a, 0x10, 0xdf, 0x74, 0x03, 0x8a, 0x06, 
    0xb7, 0x1a, 0x0c, 0xd3, 0x0d, 0x29, 0x1a, 0xe0, 0x6a, 0x30, 0x4c, 0x37, 
    0xa8, 0x68, 0x90, 0xab, 0xc1, 0x60, 0x09, 0xae, 0x06, 0xf0, 0xb1, 0x24, 
    0x57, 0x03, 0xf8, 0x58, 0xa2, 0xab, 0x01, 0x7c, 0x6c, 0xd0, 0xd5, 0x40, 
    0x3e, 0x36, 0xec, 0x6a, 0x20, 0x1f, 0x1b, 0x78, 0x35, 0x90, 0xcf, 0x88, 
    0x81, 0x01, 0x80, 0x20, 0x18, 0x44, 0x3a, 0x1b, 0xf4, 0x6b, 0x30, 0x8c, 
    0x18, 0x18, 0x00, 0x08, 0x82, 0x41, 0xb4, 0xb3, 0x81, 0xbf, 0x06, 0xc3, 
    0x88, 0x81, 0x01, 0x80, 0x20, 0x18, 0x44, 0x3c, 0x1b, 0xfc, 0x6b, 0x30, 
    0xd8, 0xf0, 0xab, 0x81, 0x7c, 0x6c, 0x00, 0xd7, 0x40, 0x3e, 0x36, 0x84, 
    0x6b, 0x20, 0x9f, 0x11, 0x03, 0x03, 0x00, 0x41, 0x30, 0x88, 0xc0, 0x36, 
    0x28, 0xd9, 0x60, 0x18, 0x31, 0x30, 0x00, 0x10, 0x04, 0x83, 0x28, 0x6c, 
    0x03, 0x93, 0x0d, 0x86, 0x11, 0x03, 0x03, 0x00, 0x41, 0x30, 0x88, 0xc4, 
    0x36, 0x38, 0xd9, 0x60, 0x30, 0x8c, 0x5c, 0x03, 0xf9, 0x18, 0x56, 0xae, 
    0x81, 0x7c, 0x0c, 0x33, 0xd7, 0x40, 0x3e, 0x66, 0x0c, 0xf1, 0x31, 0x63, 
    0x88, 0x8f, 0x19, 0x43, 0x7c, 0x6c, 0xc0, 0xe4, 0x63, 0x03, 0x26, 0x1f, 
    0x1b, 0x30, 0xf9, 0xd8, 0x90, 0xc0, 0xc7, 0x86, 0x04, 0x3e, 0x36, 0x24, 
    0xf0, 0x99, 0x25, 0x70, 0x87, 0x81, 0x0a, 0xc7, 0x15, 0xda, 0xc1, 0x27, 
    0xd8, 0x61, 0xa0, 0xc2, 0x71, 0x85, 0x76, 0xf0, 0x09, 0x76, 0x18, 0xa8, 
    0x70, 0x5c, 0xa1, 0x1d, 0x7c, 0x82, 0x1d, 0x06, 0x2a, 0x1c, 0xa6, 0x1d, 
    0x78, 0x82, 0x1d, 0x06, 0x2a, 0x1c, 0xa6, 0x1d, 0x78, 0x82, 0x1d, 0x06, 
    0x2a, 0x1c, 0xa6, 0x1d, 0x78, 0x82, 0x1d, 0xcc, 0x1e, 0xde, 0x45, 0x3e, 
    0x23, 0x06, 0x09, 0x00, 0x82, 0x60, 0xc0, 0xc5, 0x6d, 0xc0, 0xb2, 0x81, 
    0xbc, 0xe4, 0x83, 0xbc, 0xe4, 0x83, 0x05, 0xef, 0x1a, 0xc8, 0x67, 0xc4, 
    0xc0, 0x00, 0x40, 0x10, 0x0c, 0x22, 0xbc, 0x0d, 0x7a, 0x36, 0x08, 0x2c, 
    0xb0, 0xd7, 0x40, 0x3e, 0x16, 0x14, 0xf0, 0x19, 0x31, 0x58, 0x00, 0x10, 
    0x04, 0x03, 0x2b, 0x6f, 0x83, 0x9c, 0x0d, 0x98, 0x45, 0xd9, 0xd7, 0x40, 
    0x5f, 0x83, 0x7c, 0x0d, 0x2c, 0x10, 0xa7, 0xf8, 0x8c, 0x18, 0x18, 0x00, 
    0x08, 0x82, 0x41, 0xd4, 0xb7, 0xc1, 0xdb, 0x06, 0xc1, 0x88, 0xc1, 0x01, 
    0x80, 0x20, 0x18, 0x3c, 0x7f, 0x1b, 0x88, 0x6d, 0x30, 0x90, 0x93, 0x05, 
    0xfc, 0x1a, 0xc0, 0xc7, 0x86, 0x80, 0x3e, 0x16, 0xe0, 0x6b, 0x00, 0x1f, 
    0x0b, 0xf0, 0x35, 0x90, 0xcf, 0x88, 0x81, 0x01, 0x80, 0x20, 0x18, 0x44, 
    0xa3, 0x1b, 0xa4, 0x6d, 0x10, 0x58, 0xe0, 0xaf, 0x81, 0x7c, 0x4c, 0x5f, 
    0x83, 0x20, 0x3e, 0x36, 0x0c, 0xf2, 0xb1, 0x40, 0x90, 0x8f, 0xb9, 0x6c, 
    0x10, 0xc4, 0xc7, 0x82, 0x47, 0x3e, 0x86, 0x6d, 0xf1, 0x31, 0x6c, 0x8b, 
    0x8f, 0x61, 0x5b, 0x7c, 0x8c, 0x18, 0xe4, 0x63, 0xc5, 0x20, 0x1f, 0x33, 
    0x06, 0xf9, 0x58, 0x3d, 0x0c, 0xf0, 0xb1, 0x7a, 0x18, 0xe0, 0x63, 0xf5, 
    0x30, 0xc0, 0xc7, 0xea, 0x41, 0x81, 0xcf, 0x88, 0x41, 0x03, 0x80, 0x20, 
    0x18, 0x50, 0xb3, 0x1b, 0xd4, 0x6d, 0x40, 0xaa, 0x01, 0xea, 0x06, 0xec, 
    0x02, 0x1f, 0x7b, 0x1b, 0xec, 0x6d, 0xb0, 0xb7, 0xc1, 0xde, 0x06, 0xa3, 
    0x09, 0x01, 0x30, 0x9a, 0x20, 0x04, 0xa3, 0x09, 0x83, 0x30, 0x62, 0xd0, 
    0x00, 0x20, 0x08, 0x06, 0xd4, 0xed, 0x06, 0x79, 0x1b, 0xa4, 0x6a, 0xc0, 
    0xba, 0x01, 0xbc, 0xd0, 0xc7, 0xdf, 0x06, 0x7f, 0x1b, 0xfc, 0x6d, 0xf0, 
    0xb7, 0xc1, 0x68, 0x42, 0x00, 0x8c, 0x26, 0x08, 0xc1, 0x68, 0xc2, 0x20, 
    0xcc, 0x32, 0xbc, 0x03, 0x3c, 0xa0, 0xdc, 0x88, 0x81, 0x01, 0x80, 0x20, 
    0x18, 0x44, 0xbc, 0x1b, 0x88, 0x6e, 0x70, 0x8c, 0x18, 0x18, 0x00, 0x08, 
    0x82, 0x41, 0xd4, 0xbb, 0xc1, 0xe8, 0x06, 0xc7, 0x88, 0x81, 0x01, 0x80, 
    0x20, 0x18, 0x44, 0xbe, 0x1b, 0x90, 0x6e, 0x70, 0x0c, 0x47, 0x0c, 0x64, 
    0x1b, 0x10, 0xdf, 0x70, 0xc4, 0x50, 0xb6, 0x01, 0xf1, 0x0d, 0x47, 0x0c, 
    0x66, 0x1b, 0x10, 0xdf, 0x74, 0x43, 0xae, 0x06, 0x68, 0x1b, 0x0c, 0xd3, 
    0x0d, 0xba, 0x1a, 0xa4, 0x6d, 0x30, 0x4c, 0x37, 0xec, 0x6a, 0xa0, 0xb6, 
    0xc1, 0x60, 0x49, 0xda, 0x06, 0xf0, 0xb1, 0x44, 0x6d, 0x03, 0xf8, 0x58, 
    0xb2, 0xb6, 0x01, 0x7c, 0x6c, 0x58, 0xdb, 0x40, 0x3e, 0x36, 0xb0, 0x6d, 
    0x20, 0x1f, 0x1b, 0xda, 0x36, 0x90, 0xcf, 0x88, 0x81, 0x01, 0x80, 0x20, 
    0x18, 0x44, 0xeb, 0x1b, 0xb8, 0x6e, 0x30, 0x8c, 0x18, 0x18, 0x00, 0x08, 
    0x82, 0x41, 0xc4, 0xbe, 0xc1, 0xeb, 0x06, 0xc3, 0x88, 0x81, 0x01, 0x80, 
    0x20, 0x18, 0x44, 0xed, 0x1b, 0xc0, 0x6e, 0x30, 0xd8, 0x00, 0xb7, 0x81, 
    0x7c, 0x6c, 0x88, 0xdb, 0x40, 0x3e, 0x36, 0xc8, 0x6d, 0x20, 0x9f, 0x11, 
    0x03, 0x03, 0x00, 0x41, 0x30, 0x88, 0xe2, 0x37, 0xb0, 0xdd, 0x60, 0x18, 
    0x31, 0x30, 0x00, 0x10, 0x04, 0x83, 0x48, 0x7e, 0x83, 0xdb, 0x0d, 0x86, 
    0x11, 0x03, 0x03, 0x00, 0x41, 0x30, 0x88, 0xe6, 0x37, 0xc0, 0xdd, 0x60, 
    0x30, 0xac, 0x6e, 0x03, 0xf9, 0x18, 0x66, 0xb7, 0x81, 0x7c, 0x0c, 0xbb, 
    0xdb, 0x40, 0x3e, 0x66, 0x0c, 0xf1, 0x31, 0x63, 0x88, 0x8f, 0x19, 0x43, 
    0x7c, 0x6c, 0xc0, 0xe4, 0x63, 0x03, 0x26, 0x1f, 0x1b, 0x30, 0xf9, 0xd8, 
    0x90, 0xc0, 0xc7, 0x86, 0x04, 0x3e, 0x36, 0x24, 0xf0, 0x19, 0x31, 0x30, 
    0x00, 0x10, 0x04, 0x83, 0x08, 0x84, 0x03, 0xf3, 0x0d, 0xce, 0x60, 0xc4, 
    0xc0, 0x00, 0x40, 0x10, 0x0c, 0xa2, 0x10, 0x0e, 0xce, 0x37, 0x38, 0x83, 
    0x11, 0x03, 0x03, 0x00, 0x41, 0x30, 0x88, 0x44, 0x38, 0x40, 0xdf, 0xe0, 
    0x0c, 0x86, 0x23, 0x06, 0xd4, 0x0d, 0x88, 0x6f, 0x38, 0x62, 0x48, 0xdd, 
    0x80, 0xf8, 0x86, 0x23, 0x06, 0xd5, 0x0d, 0x88, 0x6f, 0xba, 0xa1, 0x5f, 
    0x03, 0xd6, 0x0d, 0x86, 0xe9, 0x06, 0x7f, 0x0d, 0x5a, 0x37, 0x18, 0xa6, 
    0x1b, 0xfe, 0x35, 0x70, 0xdd, 0x60, 0xb0, 0xa4, 0x75, 0x03, 0xf8, 0x58, 
    0xe2, 0xba, 0x01, 0x7c, 0x2c, 0x79, 0xdd, 0x00, 0x3e, 0x36, 0xbc, 0x6e, 
    0x20, 0x1f, 0x1b, 0x60, 0x37, 0x90, 0x8f, 0x0d, 0xb1, 0x1b, 0xc8, 0x67, 
    0xc4, 0xc0, 0x00, 0x40, 0x10, 0x0c, 0xa2, 0x17, 0x0e, 0xe4, 0x37, 0x18, 
    0x46, 0x0c, 0x0c, 0x00, 0x04, 0xc1, 0x20, 0x82, 0xe1, 0x60, 0x7e, 0x83, 
    0x61, 0xc4, 0xc0, 0x00, 0x40, 0x10, 0x0c, 0xa2, 0x18, 0x0e, 0xe8, 0x37, 
    0x18, 0x6c, 0xa0, 0xdd, 0x40, 0x3e, 0x36, 0xd4, 0x6e, 0x20, 0x1f, 0x1b, 
    0x6c, 0x37, 0x90, 0xcf, 0x88, 0x81, 0x01, 0x80, 0x20, 0x18, 0x44, 0x35, 
    0x1c, 0xe8, 0x6f, 0x30, 0x8c, 0x18, 0x18, 0x00, 0x08, 0x82, 0x41, 0x64, 
    0xc3, 0xc1, 0xfe, 0x06, 0xc3, 0x88, 0x81, 0x01, 0x80, 0x20, 0x18, 0x44, 
    0x37, 0x1c, 0xf0, 0x6f, 0x30, 0x18, 0x96, 0xbb, 0x81, 0x7c, 0x0c, 0xd3, 
    0xdd, 0x40, 0x3e, 0x86, 0xed, 0x6e, 0x20, 0x1f, 0x33, 0x86, 0xf8, 0x98, 
    0x31, 0xc4, 0xc7, 0x8c, 0x21, 0x3e, 0x36, 0x60, 0xf2, 0xb1, 0x01, 0x93, 
    0x8f, 0x0d, 0x98, 0x7c, 0x6c, 0x48, 0xe0, 0x63, 0x43, 0x02, 0x1f, 0x1b, 
    0x12, 0xf8, 0xcc, 0x12, 0xc0, 0xc3, 0x40, 0x85, 0xe3, 0x0a, 0xef, 0xe0, 
    0x13, 0xee, 0x30, 0x50, 0xe1, 0xb8, 0xc2, 0x3b, 0xf8, 0x84, 0x3b, 0x0c, 
    0x54, 0x38, 0xae, 0xf0, 0x0e, 0x3e, 0xe1, 0x0e, 0x03, 0x15, 0x0e, 0xf3, 
    0x0e, 0x3c, 0xe1, 0x0e, 0x03, 0x15, 0x0e, 0xf3, 0x0e, 0x3c, 0xe1, 0x0e, 
    0x03, 0x15, 0x0e, 0xf3, 0x0e, 0x3c, 0xe1, 0x0e, 0xb6, 0x1e, 0xe7, 0x22, 
    0x9f, 0x11, 0x83, 0x04, 0x00, 0x41, 0x30, 0xe0, 0xcc, 0x38, 0x08, 0xe1, 
    0x40, 0x5d, 0xdc, 0x43, 0x5d, 0xdc, 0xc3, 0x02, 0xf2, 0x0d, 0xe4, 0x33, 
    0x62, 0x60, 0x00, 0x20, 0x08, 0x06, 0x51, 0x1b, 0x07, 0x32, 0x1c, 0x04, 
    0x16, 0xac, 0x6f, 0x20, 0x1f, 0x0b, 0x0a, 0xf8, 0x8c, 0x18, 0x2c, 0x00, 
    0x08, 0x82, 0x81, 0xe5, 0xc6, 0x81, 0x0b, 0x07, 0xcc, 0xa2, 0xc0, 0x6f, 
    0xf0, 0xbe, 0x81, 0xfb, 0x06, 0x16, 0xdc, 0x56, 0x7c, 0x46, 0x0c, 0x0c, 
    0x00, 0x04, 0xc1, 0x20, 0x92, 0xe3, 0x80, 0x8c, 0x83, 0x60, 0xc4, 0xe0, 
    0x00, 0x40, 0x10, 0x0c, 0x1e, 0x3a, 0x0e, 0x6e, 0x38, 0x18, 0x72, 0xcb, 
    0x82, 0xf8, 0x0d, 0xe0, 0x63, 0x43, 0x40, 0x1f, 0x0b, 0xda, 0x37, 0x80, 
    0x8f, 0x05, 0xed, 0x1b, 0xc8, 0x67, 0xc4, 0xc0, 0x00, 0x40, 0x10, 0x0c, 
    0x22, 0x3c, 0x0e, 0x7c, 0x38, 0x08, 0x2c, 0x98, 0xdf, 0x40, 0x3e, 0xf6, 
    0xbe, 0x41, 0x10, 0x1f, 0x1b, 0x06, 0xf9, 0x58, 0x20, 0xc8, 0xc7, 0x46, 
    0x38, 0x08, 0xe2, 0x63, 0xc1, 0x23, 0x1f, 0xc3, 0xb6, 0xf8, 0x18, 0xb6, 
    0xc5, 0xc7, 0xb0, 0x2d, 0x3e, 0x46, 0x0c, 0xf2, 0xb1, 0x62, 0x90, 0x8f, 
    0x19, 0x83, 0x7c, 0xac, 0x1e, 0x06, 0xf8, 0x58, 0x3d, 0x0c, 0xf0, 0xb1, 
    0x7a, 0x18, 0xe0, 0x63, 0xf5, 0xa0, 0xc0, 0xa7, 0xc6, 0xcb, 0x8f, 0x03, 
    0x18, 0x31, 0x38, 0x00, 0x10, 0x04, 0x03, 0x86, 0x95, 0x83, 0x31, 0x0e, 
    0x02, 0x3f, 0x0e, 0x46, 0x0c, 0x0e, 0x00, 0x04, 0xc1, 0x80, 0x69, 0xe5, 
    0x60, 0x8c, 0x83, 0x60, 0xbc, 0x46, 0x0c, 0x1a, 0x00, 0x04, 0xc1, 0x80, 
    0x5a, 0xe5, 0xa0, 0x8d, 0x03, 0xbe, 0x0d, 0x40, 0x39, 0xf8, 0xad, 0x60, 
    0x8e, 0x83, 0x39, 0x0e, 0xe6, 0x38, 0x98, 0xe3, 0x60, 0x34, 0x21, 0x00, 
    0x46, 0x13, 0x84, 0x60, 0x34, 0x61, 0x10, 0x46, 0x0c, 0x1a, 0x00, 0x04, 
    0xc1, 0x80, 0x7a, 0xe5, 0x20, 0x8e, 0x83, 0xd0, 0x0d, 0x48, 0x39, 0x18, 
    0xaf, 0xe2, 0x8e, 0x83, 0x3b, 0x0e, 0xee, 0x38, 0xb8, 0xe3, 0x60, 0x34, 
    0x21, 0x00, 0x46, 0x13, 0x84, 0x60, 0x34, 0x61, 0x10, 0x66, 0x19, 0xe2, 
    0x41, 0x1e, 0x40, 0x30, 0x18, 0x31, 0x30, 0x00, 0x10, 0x04, 0x83, 0x88, 
    0x96, 0x03, 0x3d, 0x0e, 0x8e, 0x11, 0x03, 0x03, 0x00, 0x41, 0x30, 0x88, 
    0x6a, 0x39, 0xd8, 0xe3, 0xe0, 0x18, 0x31, 0x30, 0x00, 0x10, 0x04, 0x83, 
    0xc8, 0x96, 0x03, 0x3e, 0x0e, 0x8e, 0xe1, 0x88, 0x81, 0x87, 0x03, 0xe2, 
    0x1b, 0x8e, 0x18, 0x7a, 0x38, 0x20, 0xbe, 0xe1, 0x88, 0xc1, 0x87, 0x03, 
    0xe2, 0x9b, 0x6e, 0x88, 0xdd, 0x00, 0x8c, 0x83, 0x61, 0xba, 0x41, 0x76, 
    0x83, 0x30, 0x0e, 0x86, 0xe9, 0x86, 0xd9, 0x0d, 0xc4, 0x38, 0x18, 0x2c, 
    0x09, 0xe3, 0x00, 0x3e, 0x96, 0x88, 0x71, 0x00, 0x1f, 0x4b, 0xc6, 0x38, 
    0x80, 0x8f, 0x0d, 0x63, 0x1c, 0xc8, 0xc7, 0x06, 0x32, 0x0e, 0xe4, 0x63, 
    0x43, 0x19, 0x07, 0xf2, 0x19, 0x31, 0x30, 0x00, 0x10, 0x04, 0x83, 0x68, 
    0x9c, 0x03, 0x53, 0x0e, 0x86, 0x11, 0x03, 0x03, 0x00, 0x41, 0x30, 0x88, 
    0xc8, 0x39, 0x38, 0xe5, 0x60, 0x18, 0x31, 0x30, 0x00, 0x10, 0x04, 0x83, 
    0xa8, 0x9c, 0x03, 0x54, 0x0e, 0x06, 0x1b, 0xd0, 0x38, 0x90, 0x8f, 0x0d, 
    0x69, 0x1c, 0xc8, 0xc7, 0x06, 0x35, 0x0e, 0xe4, 0x33, 0x62, 0x60, 0x00, 
    0x20, 0x08, 0x06, 0x51, 0x3a, 0x07, 0xae, 0x1c, 0x0c, 0x23, 0x06, 0x06, 
    0x00, 0x82, 0x60, 0x10, 0xa9, 0x73, 0xf0, 0xca, 0xc1, 0x30, 0x62, 0x60, 
    0x00, 0x20, 0x08, 0x06, 0xd1, 0x3a, 0x07, 0xb0, 0x1c, 0x0c, 0x86, 0xb5, 
    0x71, 0x20, 0x1f, 0xc3, 0xdc, 0x38, 0x90, 0x8f, 0x61, 0x6f, 0x1c, 0xc8, 
    0xc7, 0x8c, 0x21, 0x3e, 0x66, 0x0c, 0xf1, 0x31, 0x63, 0x88, 0x8f, 0x0d, 
    0x98, 0x7c, 0x6c, 0xc0, 0xe4, 0x63, 0x03, 0x26, 0x1f, 0x1b, 0x12, 0xf8, 
    0xd8, 0x90, 0xc0, 0xc7, 0x86, 0x04, 0x3e, 0x23, 0x06, 0x06, 0x00, 0x82, 
    0x60, 0x10, 0xe1, 0x73, 0xe0, 0xcb, 0xc1, 0x19, 0x8c, 0x18, 0x18, 0x00, 
    0x08, 0x82, 0x41, 0x94, 0xcf, 0xc1, 0x2f, 0x07, 0x67, 0x30, 0x62, 0x60, 
    0x00, 0x20, 0x08, 0x06, 0x91, 0x3e, 0x07, 0xe0, 0x1c, 0x9c, 0xc1, 0x70, 
    0xc4, 0x00, 0xca, 0x01, 0xf1, 0x0d, 0x47, 0x0c, 0xa1, 0x1c, 0x10, 0xdf, 
    0x70, 0xc4, 0x20, 0xca, 0x01, 0xf1, 0x4d, 0x37, 0xd4, 0x6f, 0x40, 0xca, 
    0xc1, 0x30, 0xdd, 0x60, 0xbf, 0x41, 0x29, 0x07, 0xc3, 0x74, 0xc3, 0xfd, 
    0x06, 0xa6, 0x1c, 0x0c, 0x96, 0x94, 0x72, 0x00, 0x1f, 0x4b, 0x4c, 0x39, 
    0x80, 0x8f, 0x25, 0xa7, 0x1c, 0xc0, 0xc7, 0x86, 0x53, 0x0e, 0xe4, 0x63, 
    0x03, 0x2a, 0x07, 0xf2, 0xb1, 0x21, 0x95, 0x03, 0xf9, 0x8c, 0x18, 0x18, 
    0x00, 0x08, 0x82, 0x41, 0x74, 0xd2, 0x81, 0x3a, 0x07, 0xc3, 0x88, 0x81, 
    0x01, 0x80, 0x20, 0x18, 0x44, 0x28, 0x1d, 0xac, 0x73, 0x30, 0x8c, 0x18, 
    0x18, 0x00, 0x08, 0x82, 0x41, 0x94, 0xd2, 0x01, 0x3b, 0x07, 0x83, 0x0d, 
    0xac, 0x1c, 0xc8, 0xc7, 0x86, 0x56, 0x0e, 0xe4, 0x63, 0x83, 0x2b, 0x07, 
    0xf2, 0x19, 0x31, 0x30, 0x00, 0x10, 0x04, 0x83, 0xa8, 0xa5, 0x03, 0x79, 
    0x0e, 0x86, 0x11, 0x03, 0x03, 0x00, 0x41, 0x30, 0x88, 0x5c, 0x3a, 0x98, 
    0xe7, 0x60, 0x18, 0x31, 0x30, 0x00, 0x10, 0x04, 0x83, 0xe8, 0xa5, 0x03, 
    0x7a, 0x0e, 0x06, 0xc3, 0x62, 0x39, 0x90, 0x8f, 0x61, 0xb2, 0x1c, 0xc8, 
    0xc7, 0xb0, 0x59, 0x0e, 0xe4, 0x63, 0xc6, 0x10, 0x1f, 0x33, 0x86, 0xf8, 
    0x98, 0x31, 0xc4, 0xc7, 0x06, 0x4c, 0x3e, 0x36, 0x60, 0xf2, 0xb1, 0x01, 
    0x93, 0x8f, 0x0d, 0x09, 0x7c, 0x6c, 0x48, 0xe0, 0x63, 0x43, 0x02, 0x9f, 
    0x59, 0x02, 0x79, 0x18, 0xa8, 0x70, 0x5c, 0x21, 0x1e, 0x7c, 0x02, 0x1e, 
    0x06, 0x2a, 0x1c, 0x57, 0x88, 0x07, 0x9f, 0x80, 0x87, 0x81, 0x0a, 0xc7, 
    0x15, 0xe2, 0xc1, 0x27, 0xe0, 0x61, 0xa0, 0xc2, 0x61, 0xe2, 0x81, 0x27, 
    0xe0, 0x61, 0xa0, 0xc2, 0x61, 0xe2, 0x81, 0x27, 0xe0, 0x61, 0xa0, 0xc2, 
    0x61, 0xe2, 0x81, 0x27, 0xe0, 0xe1, 0x6e, 0xc1, 0x31, 0x0b, 0xb5, 0x20, 
    0x3e, 0x23, 0x06, 0x06, 0x00, 0x82, 0x60, 0x10, 0x91, 0x75, 0x60, 0xd3, 
    0x41, 0x60, 0xeb, 0x1c, 0x04, 0xf1, 0x19, 0x31, 0x38, 0x00, 0x10, 0x04, 
    0x83, 0xe7, 0xac, 0x03, 0x95, 0x0e, 0x82, 0x1e, 0x0e, 0x2c, 0xd8, 0x2d, 
    0xf9, 0x8c, 0x18, 0x24, 0x00, 0x08, 0x82, 0x01, 0x37, 0xd6, 0x81, 0x3f, 
    0x07, 0xbf, 0x45, 0xfc, 0x16, 0x61, 0x41, 0x38, 0x07, 0xf2, 0x19, 0x31, 
    0x30, 0x00, 0x10, 0x04, 0x83, 0x48, 0xad, 0x83, 0x97, 0x0e, 0x02, 0x0b, 
    0xd0, 0x39, 0x90, 0x8f, 0x05, 0x05, 0x7c, 0x46, 0x0c, 0x16, 0x00, 0x04, 
    0xc1, 0xc0, 0x5a, 0xeb, 0x60, 0xa5, 0x83, 0x08, 0x7a, 0xda, 0x39, 0x60, 
    0xe7, 0x60, 0x9d, 0x03, 0x0b, 0x68, 0x2d, 0x3e, 0x23, 0x06, 0x06, 0x00, 
    0x82, 0x60, 0x10, 0xbd, 0x75, 0x10, 0xd6, 0x41, 0x30, 0x62, 0x70, 0x00, 
    0x20, 0x08, 0x06, 0x4f, 0x5c, 0x07, 0x34, 0x1d, 0x0c, 0xb6, 0x66, 0x81, 
    0x3b, 0x07, 0xf0, 0xb1, 0x21, 0xa0, 0x8f, 0x05, 0xea, 0x1c, 0xc0, 0xc7, 
    0x02, 0x75, 0x0e, 0xe4, 0x33, 0x62, 0x60, 0x00, 0x20, 0x08, 0x06, 0x51, 
    0x5d, 0x07, 0x3b, 0x1d, 0x04, 0x16, 0xc0, 0x73, 0x20, 0x1f, 0x63, 0xe7, 
    0x20, 0x88, 0x8f, 0x0d, 0x83, 0x7c, 0x2c, 0x10, 0xe4, 0x63, 0x20, 0x1d, 
    0x04, 0xf1, 0xb1, 0xe0, 0x91, 0x8f, 0x75, 0x60, 0x10, 0x1f, 0xeb, 0xc0, 
    0x20, 0x3e, 0xd6, 0x81, 0x41, 0x7c, 0x8c, 0x18, 0xe4, 0x63, 0xc5, 0x20, 
    0x1f, 0x33, 0x06, 0xf9, 0x58, 0x3f, 0x0c, 0xf0, 0xb1, 0x7e, 0x18, 0xe0, 
    0x63, 0xfd, 0x30, 0xc0, 0xc7, 0xfa, 0x41, 0x81, 0xcf, 0x88, 0x41, 0x03, 
    0x80, 0x20, 0x18, 0x50, 0xa5, 0x1d, 0x9c, 0x75, 0x60, 0xc7, 0x81, 0x5e, 
    0x07, 0xbb, 0xb5, 0x0f, 0x6d, 0x1d, 0xb4, 0x75, 0xd0, 0xd6, 0x41, 0x5b, 
    0x07, 0xa3, 0x09, 0x01, 0x30, 0x9a, 0x20, 0x04, 0xa3, 0x09, 0x83, 0x30, 
    0x62, 0xd0, 0x00, 0x20, 0x08, 0x06, 0x54, 0x6a, 0x07, 0x6b, 0x1d, 0xec, 
    0x71, 0xe0, 0xd7, 0xc1, 0x6f, 0xfd, 0x43, 0x5c, 0x07, 0x71, 0x1d, 0xc4, 
    0x75, 0x10, 0xd7, 0xc1, 0x68, 0x42, 0x00, 0x8c, 0x26, 0x08, 0xc1, 0x68, 
    0xc2, 0x20, 0xcc, 0x32, 0xcc, 0x03, 0x3d, 0xe8, 0x63, 0x30, 0x62, 0x60, 
    0x00, 0x20, 0x08, 0x06, 0x91, 0x6b, 0x07, 0x74, 0x1d, 0x1c, 0x23, 0x06, 
    0x06, 0x00, 0x82, 0x60, 0x10, 0xbd, 0x76, 0x50, 0xd7, 0xc1, 0x31, 0x62, 
    0x60, 0x00, 0x20, 0x08, 0x06, 0x11, 0x6c, 0x07, 0x76, 0x1d, 0x1c, 0xc3, 
    0x11, 0x83, 0x4d, 0x07, 0xc4, 0x37, 0x1c, 0x31, 0xdc, 0x74, 0x40, 0x7c, 
    0xc3, 0x11, 0x03, 0x4e, 0x07, 0xc4, 0x37, 0xdd, 0xb0, 0xca, 0x81, 0x4e, 
    0x07, 0xc3, 0x74, 0x03, 0x2b, 0x07, 0x3b, 0x1d, 0x0c, 0xd3, 0x0d, 0xad, 
    0x1c, 0xf0, 0x74, 0x30, 0x58, 0xb2, 0xd3, 0x01, 0x7c, 0x2c, 0xe1, 0xe9, 
    0x00, 0x3e, 0x96, 0xf4, 0x74, 0x00, 0x1f, 0x1b, 0x7a, 0x3a, 0x90, 0x8f, 
    0x0d, 0x3e, 0x1d, 0xc8, 0xc7, 0x86, 0x9f, 0x0e, 0xe4, 0x33, 0x62, 0x60, 
    0x00, 0x20, 0x08, 0x06, 0x51, 0x6f, 0x07, 0xa0, 0x1d, 0x0c, 0x23, 0x06, 
    0x06, 0x00, 0x82, 0x60, 0x10, 0xf9, 0x76, 0x10, 0xda, 0xc1, 0x30, 0x62, 
    0x60, 0x00, 0x20, 0x08, 0x06, 0xd1, 0x6f, 0x07, 0xa2, 0x1d, 0x0c, 0x36, 
    0x88, 0x75, 0x20, 0x1f, 0x1b, 0xc6, 0x3a, 0x90, 0x8f, 0x0d, 0x64, 0x1d, 
    0xc8, 0x67, 0xc4, 0xc0, 0x00, 0x40, 0x10, 0x0c, 0xa2, 0xf1, 0x0e, 0x50, 
    0x3b, 0x18, 0x46, 0x0c, 0x0c, 0x00, 0x04, 0xc1, 0x20, 0x22, 0xef, 0x20, 
    0xb5, 0x83, 0x61, 0xc4, 0xc0, 0x00, 0x40, 0x10, 0x0c, 0xa2, 0xf2, 0x0e, 
    0x54, 0x3b, 0x18, 0x0c, 0x3b, 0xeb, 0x40, 0x3e, 0x86, 0xa1, 0x75, 0x20, 
    0x1f, 0xc3, 0xd2, 0x3a, 0x90, 0x8f, 0x19, 0x43, 0x7c, 0xcc, 0x18, 0xe2, 
    0x63, 0xc6, 0x10, 0x1f, 0x1b, 0x30, 0xf9, 0xd8, 0x80, 0xc9, 0xc7, 0x06, 
    0x4c, 0x3e, 0x36, 0x24, 0xf0, 0xb1, 0x21, 0x81, 0x8f, 0x0d, 0x09, 0x7c, 
    0x46, 0x0c, 0x0c, 0x00, 0x04, 0xc1, 0x20, 0x92, 0xef, 0x00, 0xb7, 0x83, 
    0x33, 0x18, 0x31, 0x30, 0x00, 0x10, 0x04, 0x83, 0x68, 0xbe, 0x83, 0xdc, 
    0x0e, 0xce, 0x60, 0xc4, 0xc0, 0x00, 0x40, 0x10, 0x0c, 0x22, 0xfa, 0x0e, 
    0x74, 0x3b, 0x38, 0x83, 0xe1, 0x88, 0x41, 0xaf, 0x03, 0xe2, 0x1b, 0x8e, 
    0x18, 0xf6, 0x3a, 0x20, 0xbe, 0xe1, 0x88, 0x81, 0xaf, 0x03, 0xe2, 0x9b, 
    0x6e, 0x78, 0xe7, 0xc0, 0xaf, 0x83, 0x61, 0xba, 0x01, 0x9e, 0x83, 0xbf, 
    0x0e, 0x86, 0xe9, 0x86, 0x78, 0x0e, 0x40, 0x3b, 0x18, 0x2c, 0xf9, 0xeb, 
    0x00, 0x3e, 0x96, 0x80, 0x76, 0x00, 0x1f, 0x4b, 0x42, 0x3b, 0x80, 0x8f, 
    0x0d, 0xa1, 0x1d, 0xc8, 0xc7, 0x06, 0xd1, 0x0e, 0xe4, 0x63, 0xc3, 0x68, 
    0x07, 0xf2, 0x19, 0x31, 0x30, 0x00, 0x10, 0x04, 0x83, 0x28, 0xc4, 0x03, 
    0xf2, 0x0e, 0x86, 0x11, 0x03, 0x03, 0x00, 0x41, 0x30, 0x88, 0x44, 0x3c, 
    0x28, 0xef, 0x60, 0x18, 0x31, 0x30, 0x00, 0x10, 0x04, 0x83, 0x68, 0xc4, 
    0x03, 0xf3, 0x0e, 0x06, 0x1b, 0x4c, 0x3b, 0x90, 0x8f, 0x0d, 0xa7, 0x1d, 
    0xc8, 0xc7, 0x06, 0xd4, 0x0e, 0xe4, 0x33, 0x62, 0x60, 0x00, 0x20, 0x08, 
    0x06, 0xd1, 0x89, 0x07, 0xec, 0x1d, 0x0c, 0x23, 0x06, 0x06, 0x00, 0x82, 
    0x60, 0x10, 0xa1, 0x78, 0xd0, 0xde, 0xc1, 0x30, 0x62, 0x60, 0x00, 0x20, 
    0x08, 0x06, 0x51, 0x8a, 0x07, 0xee, 0x1d, 0x0c, 0x86, 0xad, 0x76, 0x20, 
    0x1f, 0xc3, 0x58, 0x3b, 0x90, 0x8f, 0x61, 0xad, 0x1d, 0xc8, 0xc7, 0x8c, 
    0x21, 0x3e, 0x66, 0x0c, 0xf1, 0x31, 0x63, 0x88, 0x8f, 0x0d, 0x98, 0x7c, 
    0x6c, 0xc0, 0xe4, 0x63, 0x03, 0x26, 0x1f, 0x1b, 0x12, 0xf8, 0xd8, 0x90, 
    0xc0, 0xc7, 0x86, 0x04, 0x3e, 0xb3, 0x04, 0xf4, 0x30, 0x50, 0xe1, 0xb8, 
    0xc2, 0x3c, 0xf8, 0x84, 0x3c, 0x0c, 0x54, 0x38, 0xae, 0x30, 0x0f, 0x3e, 
    0x21, 0x0f, 0x03, 0x15, 0x8e, 0x2b, 0xcc, 0x83, 0x4f, 0xc8, 0xc3, 0x40, 
    0x85, 0xc3, 0xcc, 0x03, 0x4f, 0xc8, 0xc3, 0x40, 0x85, 0xc3, 0xcc, 0x03, 
    0x4f, 0xc8, 0xc3, 0x40, 0x85, 0xc3, 0xcc, 0x03, 0x4f, 0xc8, 0x83, 0xd9, 
    0x83, 0x6d, 0xc9, 0x67, 0xc4, 0x20, 0x01, 0x40, 0x10, 0x0c, 0x38, 0x1c, 
    0x0f, 0xe6, 0x3b, 0xc8, 0xad, 0x7c, 0xc8, 0xad, 0x7c, 0xb0, 0xc0, 0xb6, 
    0x03, 0xf9, 0x8c, 0x18, 0x18, 0x00, 0x08, 0x82, 0x41, 0xf4, 0xe3, 0x01, 
    0x89, 0x07, 0x81, 0x05, 0xbd, 0x1d, 0xc8, 0xc7, 0x82, 0x02, 0x3e, 0x23, 
    0x06, 0x0b, 0x00, 0x82, 0x60, 0x60, 0x81, 0x79, 0x00, 0xe2, 0x01, 0xb3, 
    0x28, 0xe2, 0x1d, 0x84, 0x77, 0x00, 0xde, 0x81, 0x05, 0xa9, 0x17, 0x9f, 
    0x11, 0x03, 0x03, 0x00, 0x41, 0x30, 0x88, 0xc8, 0x3c, 0xb0, 0xf1, 0x20, 
    0x18, 0x31, 0x38, 0x00, 0x10, 0x04, 0x83, 0xc7, 0xcc, 0x83, 0x14, 0x0f, 
    0x86, 0xd5, 0xb3, 0x60, 0xbc, 0x03, 0xf8, 0xd8, 0x10, 0xd0, 0xc7, 0x82, 
    0xdf, 0x0e, 0xe0, 0x63, 0xc1, 0x6f, 0x07, 0xf2, 0x19, 0x31, 0x30, 0x00, 
    0x10, 0x04, 0x83, 0x48, 0xcd, 0x03, 0x18, 0x0f, 0x02, 0x0b, 0xca, 0x3b, 
    0x90, 0x8f, 0x85, 0x77, 0x10, 0xc4, 0xc7, 0x86, 0x41, 0x3e, 0x16, 0x08, 
    0xf2, 0xb1, 0xfa, 0x0e, 0x82, 0xf8, 0x58, 0xf0, 0xc8, 0xc7, 0xb0, 0x2d, 
    0x3e, 0x86, 0x6d, 0xf1, 0x31, 0x6c, 0x8b, 0x8f, 0x11, 0x83, 0x7c, 0xac, 
    0x18, 0xe4, 0x63, 0xc6, 0x20, 0x1f, 0xab, 0x87, 0x01, 0x3e, 0x56, 0x0f, 
    0x03, 0x7c, 0xac, 0x1e, 0x06, 0xf8, 0x58, 0x3d, 0x28, 0xf0, 0x19, 0x31, 
    0x68, 0x00, 0x10, 0x04, 0x03, 0x4a, 0xcf, 0x03, 0x1e, 0x0f, 0xd6, 0x3a, 
    0x78, 0xf3, 0x60, 0xb6, 0xe0, 0x43, 0xcc, 0x03, 0x31, 0x0f, 0xc4, 0x3c, 
    0x10, 0xf3, 0x60, 0x34, 0x21, 0x00, 0x46, 0x13, 0x84, 0x60, 0x34, 0x61, 
    0x10, 0x46, 0x0c, 0x1a, 0x00, 0x04, 0xc1, 0x80, 0xf2, 0xf3, 0x00, 0xcc, 
    0x03, 0xb8, 0x0e, 0xe6, 0x3c, 0xb8, 0x2d, 0xfa, 0x30, 0xf3, 0xc0, 0xcc, 
    0x03, 0x33, 0x0f, 0xcc, 0x3c, 0x18, 0x4d, 0x08, 0x80, 0xd1, 0x04, 0x21, 
    0x18, 0x4d, 0x18, 0x84, 0x59, 0x86, 0x7a, 0xb0, 0x87, 0xf7, 0x0c, 0x46, 
    0x0c, 0x0c, 0x00, 0x04, 0xc1, 0x20, 0x1a, 0xf5, 0x20, 0xcd, 0x83, 0x63, 
    0xc4, 0xc0, 0x00, 0x40, 0x10, 0x0c, 0x22, 0x52, 0x0f, 0xd4, 0x3c, 0x38, 
    0x46, 0x0c, 0x0c, 0x00, 0x04, 0xc1, 0x20, 0x2a, 0xf5, 0x60, 0xcd, 0x83, 
    0x63, 0x38, 0x62, 0x58, 0xf1, 0x80, 0xf8, 0x86, 0x23, 0x06, 0x16, 0x0f, 
    0x88, 0x6f, 0x38, 0x62, 0x68, 0xf1, 0x80, 0xf8, 0xa6, 0x1b, 0x40, 0x3b, 
    0x78, 0xf1, 0x60, 0x98, 0x6e, 0x08, 0xed, 0x00, 0xc6, 0x83, 0x61, 0xba, 
    0x41, 0xb4, 0x83, 0x18, 0x0f, 0x06, 0x4b, 0x60, 0x3c, 0x80, 0x8f, 0x25, 
    0x31, 0x1e, 0xc0, 0xc7, 0x12, 0x19, 0x0f, 0xe0, 0x63, 0x83, 0x8c, 0x07, 
    0xf2, 0xb1, 0x61, 0xc6, 0x03, 0xf9, 0xd8, 0x40, 0xe3, 0x81, 0x7c, 0x46, 
    0x0c, 0x0c, 0x00, 0x04, 0xc1, 0x20, 0x92, 0xf5, 0xa0, 0xce, 0x83, 0x61, 
    0xc4, 0xc0, 0x00, 0x40, 0x10, 0x0c, 0xa2, 0x59, 0x0f, 0xec, 0x3c, 0x18, 
    0x46, 0x0c, 0x0c, 0x00, 0x04, 0xc1, 0x20, 0xa2, 0xf5, 0xe0, 0xce, 0x83, 
    0xc1, 0x86, 0x1b, 0x0f, 0xe4, 0x63, 0x03, 0x8e, 0x07, 0xf2, 0xb1, 0x21, 
    0xc7, 0x03, 0xf9, 0x8c, 0x18, 0x18, 0x00, 0x08, 0x82, 0x41, 0x84, 0xeb, 
    0x41, 0x9f, 0x07, 0xc3, 0x88, 0x81, 0x01, 0x80, 0x20, 0x18, 0x44, 0xb9, 
    0x1e, 0xf8, 0x79, 0x30, 0x8c, 0x18, 0x18, 0x00, 0x08, 0x82, 0x41, 0xa4, 
    0xeb, 0xc1, 0x9f, 0x07, 0x83, 0x61, 0x3c, 0x1e, 0xc8, 0xc7, 0xb0, 0x1e, 
    0x0f, 0xe4, 0x63, 0x98, 0x8f, 0x07, 0xf2, 0x31, 0x63, 0x88, 0x8f, 0x19, 
    0x43, 0x7c, 0xcc, 0x18, 0xe2, 0x63, 0x03, 0x26, 0x1f, 0x1b, 0x30, 0xf9, 
    0xd8, 0x80, 0xc9, 0xc7, 0x86, 0x04, 0x3e, 0x36, 0x24, 0xf0, 0xb1, 0x21, 
    0x81, 0xcf, 0x88, 0x81, 0x01, 0x80, 0x20, 0x18, 0x44, 0xe7, 0x1e, 0xb4, 
    0x7a, 0x70, 0x06, 0x23, 0x06, 0x06, 0x00, 0x82, 0x60, 0x10, 0xa1, 0x7b, 
    0xe0, 0xea, 0xc1, 0x19, 0x8c, 0x18, 0x18, 0x00, 0x08, 0x82, 0x41, 0x94, 
    0xee, 0xc1, 0xab, 0x07, 0x67, 0x30, 0x1c, 0x31, 0xbc, 0x79, 0x40, 0x7c, 
    0xc3, 0x11, 0x03, 0x9c, 0x07, 0xc4, 0x37, 0x1c, 0x31, 0xc4, 0x79, 0x40, 
    0x7c, 0xd3, 0x0d, 0xe4, 0x1d, 0xcc, 0x79, 0x30, 0x4c, 0x37, 0x94, 0x77, 
    0x40, 0xe7, 0xc1, 0x30, 0xdd, 0x60, 0xde, 0x41, 0x9d, 0x07, 0x83, 0x25, 
    0x74, 0x1e, 0xc0, 0xc7, 0x92, 0x3a, 0x0f, 0xe0, 0x63, 0x89, 0x9d, 0x07, 
    0xf0, 0xb1, 0xc1, 0xce, 0x03, 0xf9, 0xd8, 0x70, 0xe7, 0x81, 0x7c, 0x6c, 
    0xc0, 0xf3, 0x40, 0x3e, 0x23, 0x06, 0x06, 0x00, 0x82, 0x60, 0x10, 0xd9, 
    0x7b, 0x90, 0xeb, 0xc1, 0x30, 0x62, 0x60, 0x00, 0x20, 0x08, 0x06, 0xd1, 
    0xbd, 0x07, 0xba, 0x1e, 0x0c, 0x23, 0x06, 0x06, 0x00, 0x82, 0x60, 0x10, 
    0xe1, 0x7b, 0xb0, 0xeb, 0xc1, 0x60, 0xc3, 0x9e, 0x07, 0xf2, 0xb1, 0x81, 
    0xcf, 0x03, 0xf9, 0xd8, 0xd0, 0xe7, 0x81, 0x7c, 0x46, 0x0c, 0x0c, 0x00, 
    0x04, 0xc1, 0x20, 0xe2, 0xf7, 0x20, 0xdc, 0x83, 0x61, 0xc4, 0xc0, 0x00, 
    0x40, 0x10, 0x0c, 0xa2, 0x7e, 0x0f, 0xc4, 0x3d, 0x18, 0x46, 0x0c, 0x0c, 
    0x00, 0x04, 0xc1, 0x20, 0xf2, 0xf7, 0x60, 0xdc, 0x83, 0xc1, 0x30, 0x50, 
    0x0f, 0xe4, 0x63, 0x58, 0xa8, 0x07, 0xf2, 0x31, 0x4c, 0xd4, 0x03, 0xf9, 
    0x98, 0x31, 0xc4, 0xc7, 0x8c, 0x21, 0x3e, 0x66, 0x0c, 0xf1, 0xb1, 0x01, 
    0x93, 0x8f, 0x0d, 0x98, 0x7c, 0x6c, 0xc0, 0xe4, 0x63, 0x43, 0x02, 0x1f, 
    0x1b, 0x12, 0xf8, 0xd8, 0x90, 0xc0, 0x67, 0x96, 0xc0, 0x1e, 0x06, 0x2a, 
    0x1c, 0x57, 0xa8, 0x07, 0x9f, 0xa0, 0x87, 0x81, 0x0a, 0xc7, 0x15, 0xea, 
    0xc1, 0x27, 0xe8, 0x61, 0xa0, 0xc2, 0x71, 0x85, 0x7a, 0xf0, 0x09, 0x7a, 
    0x18, 0xa8, 0x70, 0x98, 0x7a, 0xe0, 0x09, 0x7a, 0x18, 0xa8, 0x70, 0x98, 
    0x7a, 0xe0, 0x09, 0x7a, 0x18, 0xa8, 0x70, 0x98, 0x7a, 0xe0, 0x09, 0x7a, 
    0xb0, 0xf5, 0x70, 0x2d, 0xf9, 0x8c, 0x18, 0x24, 0x00, 0x08, 0x82, 0x01, 
    0xd7, 0xf2, 0x01, 0xba, 0x07, 0xb1, 0xe5, 0x1e, 0xb1, 0xe5, 0x1e, 0x16, 
    0xac, 0x7a, 0x20, 0x9f, 0x11, 0x03, 0x03, 0x00, 0x41, 0x30, 0x88, 0x68, 
    0x3e, 0xc8, 0xf7, 0x20, 0xb0, 0x40, 0xd6, 0x03, 0xf9, 0x58, 0x50, 0xc0, 
    0x67, 0xc4, 0x60, 0x01, 0x40, 0x10, 0x0c, 0xac, 0x9a, 0x0f, 0xea, 0x3d, 
    0x60, 0x16, 0xe5, 0xd6, 0x03, 0x5b, 0x0f, 0x6a, 0x3d, 0xb0, 0xc0, 0x0f, 
    0x83, 0xf8, 0x8c, 0x18, 0x18, 0x00, 0x08, 0x82, 0x41, 0x94, 0xf3, 0xc1, 
    0xca, 0x07, 0xc1, 0x88, 0xc1, 0x01, 0x80, 0x20, 0x18, 0x3c, 0x3b, 0x1f, 
    0xf8, 0x7b, 0x30, 0x80, 0x62, 0x60, 0x01, 0xae, 0x07, 0xf0, 0xb1, 0x21, 
    0xa0, 0x8f, 0x05, 0xb4, 0x1e, 0xc0, 0xc7, 0x02, 0x5a, 0x0f, 0xe4, 0x33, 
    0x62, 0x60, 0x00, 0x20, 0x08, 0x06, 0xd1, 0xcf, 0x07, 0x25, 0x1f, 0x04, 
    0x16, 0xe8, 0x7a, 0x20, 0x1f, 0xb3, 0xf5, 0x20, 0x88, 0x8f, 0x0d, 0x83, 
    0x7c, 0x2c, 0x10, 0xe4, 0x63, 0xea, 0x1e, 0x04, 0xf1, 0xb1, 0xe0, 0x91, 
    0x8f, 0xb1, 0x43, 0x00, 0x9f, 0xe1, 0x88, 0x00, 0xcc, 0x03, 0xe1, 0x9b, 
    0x65, 0xb8, 0x07, 0x7c, 0x08, 0x0c, 0xdb, 0xe2, 0x63, 0x44, 0x20, 0x1f, 
    0x8b, 0x87, 0x00, 0x3e, 0xc6, 0x7d, 0xf1, 0xb1, 0x23, 0x90, 0x8f, 0xd5, 
    0x43, 0x00, 0x1f, 0x03, 0x83, 0x31, 0x88, 0x8f, 0x29, 0x81, 0x7c, 0x2c, 
    0x1f, 0x02, 0xf8, 0x58, 0xb0, 0xd0, 0xc7, 0x0a, 0x86, 0x3e, 0x96, 0x34, 
    0xf4, 0x99, 0x25, 0xd8, 0x87, 0x59, 0x86, 0x7c, 0xd0, 0x07, 0x70, 0x0d, 
    0x46, 0x0c, 0x0c, 0x00, 0x04, 0xc1, 0x20, 0xa2, 0xfb, 0x40, 0xe7, 0x83, 
    0x74, 0x0d, 0x46, 0x0c, 0x0c, 0x00, 0x04, 0xc1, 0x20, 0xaa, 0xfb, 0x60, 
    0xe7, 0x83, 0x74, 0x0d, 0x46, 0x0c, 0x0c, 0x00, 0x04, 0xc1, 0x20, 0xb2, 
    0xfb, 0x80, 0xe7, 0x83, 0x74, 0x0d, 0x86, 0x23, 0x06, 0x7e, 0x0f, 0x88, 
    0x6f, 0x38, 0x62, 0xe8, 0xf7, 0x80, 0xf8, 0x86, 0x23, 0x06, 0x7f, 0x0f, 
    0x88, 0x6f, 0xba, 0x21, 0xce, 0x03, 0x90, 0x0f, 0x86, 0xe9, 0x06, 0x39, 
    0x0f, 0x42, 0x3e, 0x18, 0xa6, 0x1b, 0xe6, 0x3c, 0x10, 0xf9, 0x60, 0xb0, 
    0x24, 0xe4, 0x03, 0xf8, 0x58, 0x22, 0xf2, 0x01, 0x7c, 0x2c, 0x19, 0xf9, 
    0x00, 0x3e, 0x36, 0x8c, 0x7c, 0x20, 0x1f, 0x1b, 0x48, 0x3e, 0x90, 0x8f, 
    0x0d, 0x25, 0x1f, 0xc8, 0x67, 0xc4, 0xc0, 0x00, 0x40, 0x10, 0x0c, 0xa2, 
    0xd1, 0x0f, 0xcc, 0x3e, 0x18, 0x46, 0x0c, 0x0c, 0x00, 0x04, 0xc1, 0x20, 
    0x22, 0xfd, 0xe0, 0xec, 0x83, 0x61, 0xc4, 0xc0, 0x00, 0x40, 0x10, 0x0c, 
    0xa2, 0xd2, 0x0f, 0xd0, 0x3e, 0x18, 0x6c, 0x40, 0xf9, 0x40, 0x3e, 0x36, 
    0xa4, 0x7c, 0x20, 0x1f, 0x1b, 0x54, 0x3e, 0x90, 0xcf, 0x88, 0x81, 0x01, 
    0x80, 0x20, 0x18, 0x44, 0xa9, 0x1f, 0xb8, 0x7d, 0x30, 0x8c, 0x18, 0x18, 
    0x00, 0x08, 0x82, 0x41, 0xa4, 0xfa, 0xc1, 0xdb, 0x07, 0xc3, 0x88, 0x81, 
    0x01, 0x80, 0x20, 0x18, 0x44, 0xab, 0x1f, 0xc0, 0x7d, 0x30, 0x18, 0xd6, 
    0xf2, 0x81, 0x7c, 0x0c, 0x73, 0xf9, 0x40, 0x3e, 0x86, 0xbd, 0x7c, 0x20, 
    0x1f, 0x33, 0x86, 0xf8, 0x98, 0x31, 0xc4, 0xc7, 0x8c, 0x21, 0x3e, 0x36, 
    0x60, 0xf2, 0xb1, 0x01, 0x93, 0x8f, 0x0d, 0x98, 0x7c, 0x6c, 0x48, 0xe0, 
    0x63, 0x43, 0x02, 0x1f, 0x1b, 0x12, 0xf8, 0x8c, 0x18, 0x18, 0x00, 0x08, 
    0x82, 0x41, 0x84, 0xfb, 0x81, 0xdf, 0x07, 0x29, 0x1b, 0x8c, 0x18, 0x18, 
    0x00, 0x08, 0x82, 0x41, 0x94, 0xfb, 0xc1, 0xdf, 0x07, 0x29, 0x1b, 0x8c, 
    0x18, 0x18, 0x00, 0x08, 0x82, 0x41, 0xa4, 0xfb, 0x01, 0xe8, 0x07, 0x29, 
    0x1b, 0x0c, 0x47, 0x0c, 0x60, 0x1f, 0x10, 0xdf, 0x70, 0xc4, 0x10, 0xf6, 
    0x01, 0xf1, 0x0d, 0x47, 0x0c, 0x62, 0x1f, 0x10, 0xdf, 0x74, 0x43, 0xad, 
    0x07, 0x64, 0x1f, 0x0c, 0xd3, 0x0d, 0xb6, 0x1e, 0x94, 0x7d, 0x30, 0x4c, 
    0x37, 0xdc, 0x7a, 0x60, 0xf6, 0xc1, 0x60, 0x49, 0xd9, 0x07, 0xf0, 0xb1, 
    0xc4, 0xec, 0x03, 0xf8, 0x58, 0x72, 0xf6, 0x01, 0x7c, 0x6c, 0x38, 0xfb, 
    0x40, 0x3e, 0x36, 0xa0, 0x7d, 0x20, 0x1f, 0x1b, 0xd2, 0x3e, 0x90, 0xcf, 
    0x88, 0x81, 0x01, 0x80, 0x20, 0x18, 0x44, 0xe7, 0x1f, 0xa8, 0x7e, 0x30, 
    0x8c, 0x18, 0x18, 0x00, 0x08, 0x82, 0x41, 0x84, 0xfe, 0xc1, 0xea, 0x07, 
    0xc3, 0x88, 0x81, 0x01, 0x80, 0x20, 0x18, 0x44, 0xe9, 0x1f, 0xb0, 0x7e, 
    0x30, 0xd8, 0xc0, 0xf6, 0x81, 0x7c, 0x6c, 0x68, 0xfb, 0x40, 0x3e, 0x36, 
    0xb8, 0x7d, 0x20, 0x9f, 0x11, 0x03, 0x03, 0x00, 0x41, 0x30, 0x88, 0xda, 
    0x3f, 0x90, 0xfd, 0x60, 0x18, 0x31, 0x30, 0x00, 0x10, 0x04, 0x83, 0xc8, 
    0xfd, 0x83, 0xd9, 0x0f, 0x86, 0x11, 0x03, 0x03, 0x00, 0x41, 0x30, 0x88, 
    0xde, 0x3f, 0xa0, 0xfd, 0x60, 0x30, 0x2c, 0xee, 0x03, 0xf9, 0x18, 0x26, 
    0xf7, 0x81, 0x7c, 0x0c, 0x9b, 0xfb, 0x40, 0x3e, 0x66, 0x0c, 0xf1, 0x31, 
    0x63, 0x88, 0x8f, 0x19, 0x43, 0x7c, 0x6c, 0xc0, 0xe4, 0x63, 0x03, 0x26, 
    0x1f, 0x1b, 0x30, 0xf9, 0xd8, 0x90, 0xc0, 0xc7, 0x86, 0x04, 0x3e, 0x36, 
    0x24, 0xf0, 0x99, 0x25, 0xd0, 0x87, 0x81, 0x0a, 0xc7, 0x15, 0xf2, 0x41, 
    0xdc, 0x05, 0x7c, 0x18, 0xa8, 0x70, 0x5c, 0x21, 0x1f, 0xc4, 0x5d, 0xc0, 
    0x87, 0x81, 0x0a, 0xc7, 0x15, 0xf2, 0x41, 0xdc, 0x05, 0x7c, 0x18, 0xa8, 
    0x70, 0x98, 0x7c, 0x00, 0x77, 0x01, 0x1f, 0x06, 0x2a, 0x1c, 0x26, 0x1f, 
    0xc0, 0x5d, 0xc0, 0x87, 0x81, 0x0a, 0x87, 0xc9, 0x07, 0x70, 0x17, 0xf0, 
    0xc1, 0x06, 0x23, 0x3e, 0x36, 0x18, 0xf1, 0xb1, 0xc1, 0x88, 0xcf, 0x2c, 
    0xc1, 0x3e, 0x0c, 0x74, 0x38, 0xb4, 0x2c, 0x8c, 0x03, 0x5a, 0xdc, 0x83, 
    0xa1, 0x0f, 0x03, 0x1d, 0x0e, 0x2d, 0x0b, 0xe3, 0x80, 0x16, 0xf7, 0x60, 
    0xe8, 0xc3, 0x40, 0x87, 0x43, 0xcb, 0xc2, 0x38, 0xa0, 0xc5, 0x3d, 0x18, 
    0xfa, 0x60, 0x43, 0x5c, 0x06, 0xf0, 0xb1, 0x21, 0x2e, 0x03, 0xf8, 0xd8, 
    0x10, 0x97, 0x01, 0x7c, 0x66, 0x19, 0xf8, 0x21, 0x25, 0xee, 0x36, 0x18, 
    0x8e, 0x30, 0x4e, 0x3f, 0x10, 0xbe, 0x59, 0x86, 0x7f, 0xe8, 0x87, 0x60, 
    0x38, 0xe2, 0x60, 0xfb, 0x80, 0xf8, 0x66, 0x19, 0xfc, 0x01, 0x24, 0x02, 
    0x63, 0xfb, 0xc0, 0x2e, 0x83, 0xf8, 0x58, 0x90, 0xd0, 0x67, 0xc4, 0xe0, 
    0x00, 0x40, 0x10, 0x0c, 0x1e, 0x18, 0x14, 0xdc, 0x3f, 0xa8, 0xfd, 0x20, 
    0x98, 0x25, 0x00, 0x09, 0xb3, 0xfd, 0x20, 0x2f, 0x83, 0xf8, 0x58, 0xc0, 
    0xd0, 0x67, 0xc4, 0xe0, 0x00, 0x40, 0x10, 0x0c, 0x9e, 0x19, 0x14, 0xe2, 
    0x3f, 0xc0, 0xfd, 0x20, 0x98, 0x25, 0x00, 0x89, 0x81, 0x0e, 0x47, 0xf8, 
    0x07, 0xc4, 0x1f, 0xe4, 0x7e, 0xe8, 0x87, 0xe1, 0x08, 0x07, 0xf6, 0x03, 
    0xe1, 0x9b, 0x65, 0x18, 0x89, 0x90, 0x08, 0x86, 0x23, 0x9e, 0xba, 0x0f, 
    0x88, 0x6f, 0x96, 0x41, 0x24, 0x48, 0x22, 0xb0, 0xba, 0x0f, 0xfc, 0x32, 
    0x88, 0x8f, 0x05, 0x11, 0x7d, 0x46, 0x0c, 0x0e, 0x00, 0x04, 0xc1, 0xe0, 
    0xc9, 0x41, 0xe1, 0xfe, 0x83, 0x22, 0x98, 0x25, 0x20, 0x09, 0xfb, 0xfd, 
    0x20, 0x34, 0x83, 0xf8, 0x58, 0x40, 0xd1, 0x67, 0xc4, 0xe0, 0x00, 0x40, 
    0x10, 0x0c, 0x1e, 0x1e, 0x14, 0xf4, 0x3f, 0x40, 0x82, 0x59, 0x02, 0x92, 
    0x18, 0xe8, 0x70, 0x84, 0x91, 0x40, 0x44, 0x42, 0x0a, 0x89, 0xe1, 0x08, 
    0x2b, 0xf7, 0x03, 0xe1, 0x9b, 0x65, 0x38, 0x89, 0x92, 0x08, 0x86, 0x23, 
    0x2e, 0xbf, 0x0f, 0x88, 0x6f, 0x96, 0xc1, 0x24, 0x50, 0x22, 0x30, 0xbf, 
    0x0f, 0x4c, 0x33, 0x88, 0x8f, 0x05, 0x19, 0x7d, 0x46, 0x0c, 0x0e, 0x00, 
    0x04, 0xc1, 0xe0, 0x11, 0x43, 0x01, 0x04, 0x85, 0x22, 0x98, 0x25, 0x40, 
    0x09, 0x43, 0xff, 0x20, 0x35, 0x83, 0xf8, 0x58, 0xc0, 0xd1, 0x67, 0xc4, 
    0xe0, 0x00, 0x40, 0x10, 0x0c, 0x9e, 0x32, 0x14, 0x46, 0x50, 0x40, 0x82, 
    0x59, 0x02, 0x94, 0x18, 0xe8, 0x70, 0x84, 0x93, 0x40, 0x4c, 0x42, 0x2a, 
    0x89, 0x11, 0x03, 0x03, 0x00, 0x41, 0x30, 0x88, 0xcc, 0x50, 0x60, 0x41, 
    0x21, 0xb0, 0x40, 0x0c, 0xe4, 0x63, 0x82, 0x18, 0xc8, 0xc7, 0x06, 0x31, 
    0x90, 0x8f, 0x0d, 0xb3, 0x19, 0xc0, 0xc7, 0x86, 0xd9, 0x0c, 0xe0, 0x63, 
    0xc3, 0x6c, 0x06, 0xf0, 0x99, 0x25, 0x48, 0x89, 0x81, 0x12, 0x47, 0xc7, 
    0x85, 0x59, 0xd0, 0x71, 0x41, 0x16, 0x0c, 0x94, 0x50, 0x85, 0x7d, 0x18, 
    0x28, 0x71, 0x74, 0x5c, 0x98, 0x05, 0x1d, 0x17, 0x64, 0xc1, 0x40, 0x09, 
    0x55, 0xd8, 0x87, 0x81, 0x12, 0x47, 0xc7, 0x85, 0x59, 0xd0, 0x71, 0x41, 
    0x16, 0x0c, 0x94, 0x50, 0x85, 0x7d, 0x18, 0x28, 0x71, 0x68, 0x5b, 0x98, 
    0x05, 0xda, 0x16, 0x64, 0x81, 0x6d, 0x05, 0x94, 0x60, 0x5b, 0x61, 0x1f, 
    0x46, 0x0c, 0x16, 0x00, 0x04, 0xc1, 0xc0, 0x7a, 0x43, 0xe1, 0x05, 0x05, 
    0x62, 0x10, 0xe2, 0x3f, 0x80, 0xff, 0xe0, 0xfd, 0x83, 0xe1, 0x88, 0x00, 
    0xf4, 0x03, 0xe5, 0x9b, 0x65, 0x50, 0x09, 0x9c, 0x08, 0x86, 0x23, 0xdc, 
    0x35, 0x18, 0x88, 0x6f, 0x96, 0x61, 0x25, 0x58, 0x22, 0x18, 0x31, 0x38, 
    0x00, 0x10, 0x04, 0x83, 0xa7, 0x0e, 0x05, 0x1c, 0x14, 0x08, 0xf8, 0x0f, 
    0x0c, 0x5e, 0x83, 0x80, 0x3e, 0xb3, 0x04, 0x2d, 0x61, 0xf1, 0x1a, 0x18, 
    0xf1, 0x19, 0x31, 0x38, 0x00, 0x10, 0x04, 0x83, 0x07, 0x0f, 0x85, 0x1d, 
    0x14, 0xdc, 0x3e, 0x08, 0x2c, 0x38, 0xe0, 0x63, 0x01, 0x42, 0x9f, 0x59, 
    0x82, 0x96, 0x18, 0xa8, 0x70, 0x94, 0x95, 0x10, 0x58, 0x62, 0xc4, 0xe0, 
    0x00, 0x40, 0x10, 0x0c, 0xc4, 0x80, 0x0e, 0x85, 0x1d, 0x14, 0xd2, 0x3e, 
    0x80, 0x43, 0x61, 0x34, 0x21, 0x00, 0x46, 0x0c, 0x0c, 0x00, 0x04, 0xc1, 
    0x20, 0xea, 0x43, 0x61, 0x0c, 0x85, 0xc0, 0x88, 0x48, 0x3e, 0x56, 0x44, 
    0xf2, 0x31, 0x23, 0x92, 0x8f, 0x0d, 0xbf, 0x1f, 0xc8, 0x67, 0xc4, 0x00, 
    0x01, 0x40, 0x10, 0x0c, 0xce, 0x20, 0x0f, 0x05, 0x32, 0x14, 0x7e, 0x3f, 
    0x18, 0x82, 0x11, 0x03, 0x04, 0x00, 0x41, 0x30, 0x38, 0x03, 0x3d, 0x14, 
    0xca, 0x50, 0xf8, 0xfd, 0x60, 0x08, 0xcc, 0xf8, 0xfd, 0x40, 0x3e, 0x23, 
    0x06, 0x08, 0x00, 0x82, 0x60, 0x70, 0x06, 0x7c, 0x28, 0x9c, 0xa1, 0xf0, 
    0xfb, 0x81, 0x11, 0x8c, 0x18, 0x20, 0x00, 0x08, 0x82, 0xc1, 0x19, 0xf4, 
    0xa1, 0x80, 0x86, 0xc2, 0xef, 0x07, 0x46, 0x60, 0xc9, 0xef, 0x07, 0xf2, 
    0x19, 0x31, 0x40, 0x00, 0x10, 0x04, 0x83, 0x33, 0xf8, 0x43, 0x41, 0x0d, 
    0x85, 0xdf, 0x0f, 0x92, 0x60, 0xc4, 0x00, 0x01, 0x40, 0x10, 0x0c, 0xce, 
    0x00, 0x14, 0x85, 0x35, 0x14, 0x7e, 0x3f, 0x48, 0x82, 0xe1, 0x88, 0x23, 
    0xf4, 0x03, 0xe1, 0x1b, 0x8e, 0x28, 0x44, 0x3f, 0x10, 0xbe, 0xe1, 0x88, 
    0x61, 0xf4, 0x03, 0xe1, 0x1b, 0x8e, 0x50, 0x48, 0x3f, 0x20, 0xbe, 0xe1, 
    0x08, 0xa4, 0xf4, 0x03, 0xe2, 0x1b, 0x8e, 0x30, 0x4c, 0x3f, 0x20, 0xbe, 
    0x33, 0x86, 0x38, 0x63, 0x88, 0x33, 0x86, 0x38, 0x63, 0x88, 0x33, 0x86, 
    0x38, 0x63, 0x08, 0x33, 0x86, 0x10, 0x98, 0x31, 0x84, 0xc0, 0x8c, 0x21, 
    0x04, 0x37, 0x38, 0x76, 0x83, 0x63, 0x37, 0x38, 0x36, 0x62, 0x60, 0x00, 
    0x20, 0x08, 0x06, 0x11, 0x2f, 0x0a, 0xae, 0x28, 0x64, 0x23, 0x06, 0x06, 
    0x00, 0x82, 0x60, 0x10, 0xf5, 0xa2, 0xf0, 0x8a, 0xc2, 0x35, 0x62, 0x60, 
    0x00, 0x20, 0x08, 0x06, 0x91, 0x2f, 0x0a, 0xb0, 0x28, 0x54, 0x23, 0x06, 
    0x06, 0x00, 0x82, 0x60, 0x10, 0xfd, 0xa2, 0x20, 0x8a, 0xc2, 0x30, 0x62, 
    0x60, 0x00, 0x20, 0x08, 0x06, 0x11, 0x38, 0x0a, 0xa3, 0x28, 0x0c, 0x23, 
    0x06, 0x06, 0x00, 0x82, 0x60, 0x10, 0x85, 0xa3, 0x40, 0x8a, 0xc2, 0x60, 
    0x83, 0x0d, 0x0a, 0xf2, 0xb1, 0xe1, 0x06, 0x05, 0xf9, 0xd8, 0x80, 0x83, 
    0x82, 0x7c, 0x46, 0x0c, 0x0c, 0x00, 0x04, 0xc1, 0x20, 0x2a, 0x47, 0x41, 
    0x15, 0x85, 0x61, 0xc4, 0xc0, 0x00, 0x40, 0x10, 0x0c, 0x22, 0x73, 0x14, 
    0x56, 0x51, 0x18, 0x46, 0x0c, 0x0c, 0x00, 0x04, 0xc1, 0x20, 0x3a, 0x47, 
    0x81, 0x15, 0x85, 0xc1, 0x86, 0x47, 0x3e, 0x36, 0x3c, 0xf2, 0xb1, 0xe1, 
    0x91, 0x8f, 0x0d, 0xf8, 0x1f, 0xc8, 0x67, 0xc4, 0x00, 0x01, 0x40, 0x10, 
    0x0c, 0xce, 0x60, 0x1c, 0x05, 0x57, 0x14, 0xf0, 0x3f, 0x18, 0x82, 0x11, 
    0x03, 0x04, 0x00, 0x41, 0x30, 0x38, 0x03, 0x72, 0x14, 0x5e, 0x51, 0xc0, 
    0xff, 0x60, 0x08, 0xcc, 0x18, 0x41, 0x41, 0x3e, 0x23, 0x06, 0x08, 0x00, 
    0x82, 0x60, 0x70, 0x06, 0xe6, 0x28, 0xc4, 0xa2, 0x30, 0x82, 0x82, 0x11, 
    0x8c, 0x18, 0x20, 0x00, 0x08, 0x82, 0xc1, 0x19, 0x9c, 0xa3, 0x20, 0x8b, 
    0xc2, 0x08, 0x0a, 0x46, 0x60, 0xc9, 0x08, 0x0a, 0xf2, 0x19, 0x31, 0x40, 
    0x00, 0x10, 0x04, 0x83, 0x33, 0x48, 0x47, 0x81, 0x16, 0x85, 0x11, 0x14, 
    0x92, 0x60, 0xc4, 0x00, 0x01, 0x40, 0x10, 0x0c, 0xce, 0x40, 0x1d, 0x85, 
    0x5a, 0x14, 0x46, 0x50, 0x48, 0x02, 0x3b, 0x05, 0x19, 0x14, 0xe4, 0x33, 
    0x62, 0x80, 0x00, 0x20, 0x08, 0x06, 0x67, 0xc0, 0x8e, 0xc2, 0x2d, 0x0a, 
    0x32, 0x28, 0x9c, 0x42, 0x30, 0x62, 0x80, 0x00, 0x20, 0x08, 0x06, 0x67, 
    0xd0, 0x8e, 0x02, 0x2e, 0x0a, 0x32, 0x28, 0x9c, 0x42, 0x60, 0xaa, 0x20, 
    0x83, 0x82, 0x7c, 0x46, 0x0c, 0x10, 0x00, 0x04, 0xc1, 0xe0, 0x0c, 0xde, 
    0x51, 0xd0, 0x45, 0x41, 0x06, 0x05, 0x55, 0x08, 0x46, 0x0c, 0x10, 0x00, 
    0x04, 0xc1, 0xe0, 0x0c, 0xe0, 0x51, 0xd8, 0x45, 0x41, 0x06, 0x05, 0x55, 
    0x08, 0xac, 0x15, 0x64, 0x50, 0x90, 0xcf, 0x88, 0x01, 0x02, 0x80, 0x20, 
    0x18, 0x9c, 0x81, 0x3c, 0x0a, 0xbd, 0x28, 0xc8, 0xa0, 0xd0, 0x0a, 0xc1, 
    0x88, 0x01, 0x02, 0x80, 0x20, 0x18, 0x9c, 0xc1, 0x3c, 0x0a, 0xbe, 0x28, 
    0xc8, 0xa0, 0xd0, 0x0a, 0xc1, 0x70, 0xc4, 0x41, 0xff, 0x81, 0xf0, 0x0d, 
    0x47, 0x14, 0xf5, 0x1f, 0x08, 0xdf, 0x70, 0xc4, 0x60, 0xff, 0x81, 0xf0, 
    0x0d, 0x47, 0x28, 0xf7, 0x1f, 0x10, 0xdf, 0x70, 0x04, 0x82, 0xff, 0x01, 
    0xf1, 0x0d, 0x47, 0x18, 0xf9, 0x1f, 0x10, 0xdf, 0x19, 0x43, 0x9c, 0x31, 
    0xc4, 0x19, 0x43, 0x9c, 0x31, 0xc4, 0x19, 0x43, 0x9c, 0x31, 0x84, 0x19, 
    0x43, 0x08, 0xcc, 0x18, 0x42, 0x60, 0xc6, 0x10, 0x82, 0x1b, 0x1c, 0xbb, 
    0xc1, 0xb1, 0x1b, 0x1c, 0x1b, 0x31, 0x30, 0x00, 0x10, 0x04, 0x83, 0xe8, 
    0x25, 0x85, 0x90, 0x14, 0xb2, 0x11, 0x03, 0x03, 0x00, 0x41, 0x30, 0x88, 
    0x60, 0x52, 0x10, 0x49, 0xe1, 0x1a, 0x31, 0x30, 0x00, 0x10, 0x04, 0x83, 
    0x28, 0x26, 0x85, 0x91, 0x14, 0xaa, 0x11, 0x03, 0x03, 0x00, 0x41, 0x30, 
    0x88, 0x64, 0x52, 0xa8, 0x47, 0x61, 0x18, 0x31, 0x30, 0x00, 0x10, 0x04, 
    0x83, 0x68, 0x26, 0x05, 0x7b, 0x14, 0x86, 0x11, 0x03, 0x03, 0x00, 0x41, 
    0x30, 0x88, 0x68, 0x52, 0xb8, 0x47, 0x61, 0xb0, 0x21, 0x15, 0x05, 0xf9, 
    0xd8, 0xa0, 0x8a, 0x82, 0x7c, 0x6c, 0x58, 0x45, 0x41, 0x3e, 0x23, 0x06, 
    0x06, 0x00, 0x82, 0x60, 0x10, 0xe1, 0xa4, 0xd0, 0x8f, 0xc2, 0x30, 0x62, 
    0x60, 0x00, 0x20, 0x08, 0x06, 0x51, 0x4e, 0x0a, 0xfe, 0x28, 0x0c, 0x23, 
    0x06, 0x06, 0x00, 0x82, 0x60, 0x10, 0xe9, 0xa4, 0xf0, 0x8f, 0xc2, 0x60, 
    0xc3, 0x23, 0x1f, 0x1b, 0x1e, 0xf9, 0xd8, 0xf0, 0xc8, 0xc7, 0x86, 0x39, 
    0x14, 0xe4, 0x33, 0x62, 0x80, 0x00, 0x20, 0x08, 0x06, 0x67, 0x60, 0x93, 
    0x42, 0x48, 0x0a, 0x73, 0x28, 0x0c, 0xc1, 0x88, 0x01, 0x02, 0x80, 0x20, 
    0x18, 0x9c, 0xc1, 0x4d, 0x0a, 0x22, 0x29, 0xcc, 0xa1, 0x30, 0x04, 0x66, 
    0xcc, 0xa1, 0x20, 0x9f, 0x11, 0x03, 0x04, 0x00, 0x41, 0x30, 0x38, 0x83, 
    0x9c, 0x14, 0x48, 0x52, 0x98, 0x43, 0xc1, 0x08, 0x46, 0x0c, 0x10, 0x00, 
    0x04, 0xc1, 0xe0, 0x0c, 0x74, 0x52, 0x28, 0x49, 0x61, 0x0e, 0x05, 0x23, 
    0x30, 0x3a, 0xa0, 0x03, 0xf9, 0x98, 0x1c, 0xc8, 0x81, 0x7c, 0x2c, 0x10, 
    0xe0, 0x33, 0x62, 0x60, 0x00, 0x20, 0x08, 0x06, 0xd1, 0x59, 0x0a, 0xf4, 
    0x28, 0x04, 0x86, 0x20, 0xf2, 0x31, 0xc3, 0x90, 0x8f, 0x05, 0x02, 0x7c, 
    0x46, 0x0c, 0x0c, 0x00, 0x04, 0xc1, 0x20, 0x5a, 0x4b, 0x01, 0x1f, 0x85, 
    0x60, 0x38, 0x22, 0xd0, 0x43, 0x41, 0xf8, 0xac, 0x11, 0xe8, 0x63, 0xcb, 
    0x40, 0x9f, 0xe9, 0x06, 0xc1, 0x0c, 0x85, 0x61, 0xba, 0x41, 0x38, 0x43, 
    0x81, 0x30, 0x41, 0x91, 0x8f, 0x09, 0x8b, 0x7c, 0x46, 0x0c, 0x10, 0x00, 
    0x04, 0xc1, 0xe0, 0x0c, 0xd4, 0x52, 0xa8, 0x49, 0xa1, 0x0f, 0x05, 0xc1, 
    0x14, 0x46, 0x0c, 0x10, 0x00, 0x04, 0xc1, 0xe0, 0x0c, 0xd6, 0x52, 0xb0, 
    0x49, 0xa1, 0x0f, 0x05, 0x21, 0x18, 0x31, 0x40, 0x00, 0x10, 0x04, 0x83, 
    0x33, 0x60, 0x4b, 0xe1, 0x26, 0x85, 0x3e, 0x14, 0x08, 0x54, 0x18, 0x31, 
    0x40, 0x00, 0x10, 0x04, 0x83, 0x33, 0x68, 0x4b, 0x01, 0x27, 0x85, 0x3e, 
    0x14, 0x88, 0x60, 0xc4, 0x00, 0x01, 0x40, 0x10, 0x0c, 0xce, 0xc0, 0x2d, 
    0x85, 0x9c, 0x14, 0xfa, 0x50, 0x30, 0x54, 0x61, 0xc4, 0x00, 0x01, 0x40, 
    0x10, 0x0c, 0xce, 0xe0, 0x2d, 0x05, 0x9d, 0x14, 0xfa, 0x50, 0x30, 0x02, 
    0x2b, 0x0a, 0xf9, 0x18, 0x41, 0xc8, 0xc7, 0x86, 0x41, 0x3e, 0x36, 0x20, 
    0xf2, 0xb1, 0xe1, 0x90, 0x8f, 0x0d, 0x86, 0x7c, 0x6c, 0x18, 0x45, 0x41, 
    0x3e, 0x23, 0x06, 0x08, 0x00, 0x82, 0x60, 0x70, 0x06, 0x77, 0x29, 0x88, 
    0xa5, 0x30, 0x8a, 0xc2, 0x10, 0x8c, 0x18, 0x20, 0x00, 0x08, 0x82, 0xc1, 
    0x19, 0xe0, 0xa5, 0x30, 0x96, 0xc2, 0x28, 0x0a, 0x43, 0x60, 0xc6, 0x28, 
    0x0a, 0xf2, 0x19, 0x31, 0x40, 0x00, 0x10, 0x04, 0x83, 0x33, 0xd0, 0x4b, 
    0xa1, 0x2c, 0x85, 0x51, 0x14, 0x8c, 0x60, 0xc4, 0x00, 0x01, 0x40, 0x10, 
    0x0c, 0xce, 0x60, 0x2f, 0x05, 0xb3, 0x14, 0x46, 0x51, 0x30, 0x02, 0x4b, 
    0x46, 0x51, 0x90, 0xcf, 0x88, 0x01, 0x02, 0x80, 0x20, 0x18, 0x9c, 0x41, 
    0x5f, 0x0a, 0x68, 0x29, 0x8c, 0xa2, 0x90, 0x04, 0x23, 0x06, 0x08, 0x00, 
    0x82, 0x60, 0x70, 0x06, 0x7e, 0x29, 0xa4, 0xa5, 0x30, 0x8a, 0x42, 0x12, 
    0x8c, 0x18, 0x18, 0x00, 0x08, 0x82, 0xc1, 0x27, 0x9a, 0x02, 0x59, 0x0a, 
    0xc7, 0x74, 0x03, 0x02, 0x8a, 0x42, 0x30, 0x62, 0x60, 0x00, 0x20, 0x08, 
    0x06, 0x1f, 0x69, 0x0a, 0x66, 0x29, 0x18, 0xd3, 0x0d, 0x87, 0x28, 0x0a, 
    0xc1, 0x88, 0x81, 0x01, 0x80, 0x20, 0x18, 0x7c, 0xa6, 0x29, 0xa0, 0xa5, 
    0x50, 0x4c, 0x37, 0x18, 0xa4, 0x28, 0x04, 0x23, 0x06, 0x0b, 0x00, 0x82, 
    0x60, 0x60, 0xb1, 0xa6, 0xc0, 0x96, 0x42, 0x31, 0x04, 0x2e, 0x29, 0xb4, 
    0xa4, 0xc0, 0x92, 0xc2, 0x70, 0x44, 0xa0, 0x92, 0x82, 0xf0, 0xcd, 0x32, 
    0xb8, 0x44, 0x4d, 0x04, 0x26, 0xec, 0xa3, 0x20, 0x1f, 0x1b, 0xf6, 0x51, 
    0x90, 0x8f, 0x11, 0xfb, 0x28, 0xc8, 0x67, 0x38, 0x42, 0x51, 0x45, 0x81, 
    0xf8, 0x86, 0x23, 0x88, 0x45, 0xf8, 0x4a, 0x08, 0x74, 0x96, 0xe1, 0x25, 
    0x60, 0x22, 0x30, 0xa3, 0x89, 0xcf, 0x88, 0x81, 0x01, 0x80, 0x20, 0x18, 
    0x44, 0xb7, 0x29, 0xa4, 0xa6, 0x10, 0x0c, 0x47, 0x04, 0x33, 0x29, 0x08, 
    0x9f, 0x25, 0x03, 0x7d, 0xa6, 0x1b, 0x02, 0xb0, 0x14, 0x84, 0x11, 0x83, 
    0x03, 0x00, 0x41, 0x30, 0x78, 0x78, 0x53, 0xd0, 0x4b, 0x21, 0x2c, 0x85, 
    0x60, 0x96, 0x00, 0x26, 0x06, 0x2a, 0x1c, 0xe1, 0x25, 0x48, 0x95, 0x70, 
    0x89, 0xe1, 0x08, 0x89, 0x16, 0x05, 0xe2, 0x1b, 0x8e, 0x68, 0x26, 0xe1, 
    0x2b, 0x21, 0xd0, 0x59, 0x86, 0x98, 0x90, 0x89, 0xc0, 0x9e, 0x2a, 0x3e, 
    0x23, 0x06, 0x06, 0x00, 0x82, 0x60, 0x10, 0x85, 0xa7, 0x30, 0x9b, 0x42, 
    0x30, 0x1c, 0x11, 0xf4, 0xa4, 0x20, 0x7c, 0x26, 0x0d, 0xf4, 0x99, 0x6e, 
    0x08, 0xd4, 0x52, 0x10, 0x46, 0x0c, 0x0e, 0x00, 0x04, 0xc1, 0xe0, 0x31, 
    0x4f, 0x81, 0x34, 0x85, 0x24, 0x98, 0x25, 0x90, 0x89, 0x81, 0x0a, 0x47, 
    0x88, 0x09, 0x0a, 0x26, 0x86, 0x23, 0x34, 0x5f, 0x14, 0x88, 0x6f, 0x38, 
    0xc2, 0xda, 0x84, 0xaf, 0x84, 0x40, 0x67, 0x19, 0x66, 0x82, 0x26, 0x02, 
    0xc3, 0xba, 0xf8, 0x8c, 0x18, 0x18, 0x00, 0x08, 0x82, 0x41, 0xb4, 0x9e, 
    0x42, 0x6f, 0x0a, 0xc1, 0x70, 0x44, 0x70, 0x96, 0x82, 0xf0, 0xd9, 0x36, 
    0xd0, 0x67, 0xba, 0x21, 0xa0, 0x4b, 0x41, 0x18, 0x31, 0x38, 0x00, 0x10, 
    0x04, 0x83, 0x07, 0x3e, 0x05, 0xd7, 0x14, 0x92, 0x60, 0x96, 0x80, 0x26, 
    0x06, 0x2a, 0x1c, 0x61, 0x26, 0x28, 0x99, 0x18, 0x31, 0x30, 0x00, 0x10, 
    0x04, 0x83, 0x6f, 0x3d, 0x85, 0xd6, 0x14, 0x82, 0xe9, 0x06, 0x01, 0x2f, 
    0x85, 0x60, 0xc4, 0xc0, 0x00, 0x40, 0x10, 0x0c, 0xa2, 0xf9, 0x14, 0x72, 
    0x53, 0x08, 0x66, 0x09, 0x6a, 0x62, 0xa0, 0xc2, 0x11, 0x68, 0x82, 0x5e, 
    0x89, 0x96, 0x18, 0x8e, 0x08, 0xf6, 0x52, 0x60, 0xbe, 0x59, 0x06, 0x9b, 
    0xb8, 0x89, 0x60, 0xc4, 0x60, 0x01, 0x40, 0x10, 0x0c, 0x2c, 0xfa, 0x14, 
    0x68, 0x53, 0xa8, 0x03, 0x39, 0x78, 0x03, 0xbb, 0x14, 0xea, 0x52, 0xa0, 
    0x4b, 0xc1, 0x02, 0xb1, 0x14, 0xe4, 0x63, 0x82, 0x58, 0x0a, 0xf2, 0xb1, 
    0x41, 0x2c, 0x05, 0xf9, 0x8c, 0x18, 0x1c, 0x00, 0x08, 0x82, 0xc1, 0xb3, 
    0x9f, 0x82, 0x6f, 0x0a, 0x43, 0x3c, 0x0a, 0x23, 0x06, 0x07, 0x00, 0x82, 
    0x60, 0xf0, 0xf0, 0xa7, 0xf0, 0x9b, 0xc2, 0x20, 0x8f, 0xc2, 0x88, 0xc1, 
    0x01, 0x80, 0x20, 0x18, 0x3c, 0xfd, 0x29, 0x80, 0xa7, 0x30, 0xcc, 0xa3, 
    0x60, 0x7c, 0x60, 0xc4, 0xc7, 0xf4, 0xc0, 0x88, 0x8f, 0xe1, 0x81, 0x11, 
    0x1f, 0x1b, 0x18, 0xf9, 0xd8, 0xd0, 0xc8, 0xc7, 0x06, 0x47, 0x3e, 0x36, 
    0x30, 0xf0, 0xb1, 0x81, 0x81, 0x8f, 0x0d, 0x0c, 0x7c, 0x46, 0x0c, 0x0c, 
    0x00, 0x04, 0xc1, 0xe0, 0x03, 0x51, 0x41, 0x3c, 0x85, 0x61, 0xba, 0x81, 
    0x68, 0x82, 0x11, 0x03, 0x03, 0x00, 0x41, 0x30, 0xf8, 0x44, 0x54, 0x20, 
    0x4f, 0x81, 0x98, 0x6e, 0x28, 0x9c, 0x60, 0xc4, 0xc0, 0x00, 0x40, 0x10, 
    0x0c, 0x3e, 0x12, 0x15, 0xcc, 0x53, 0x28, 0xa6, 0x1b, 0x8c, 0x27, 0x98, 
    0x25, 0xb8, 0x89, 0x81, 0x0a, 0x47, 0xb1, 0x09, 0x9b, 0xa8, 0x89, 0x81, 
    0x0a, 0x07, 0xb1, 0x09, 0x99, 0xa8, 0x89, 0x81, 0x0a, 0xc7, 0xb0, 0x09, 
    0x97, 0xa8, 0x09, 0x1b, 0x5a, 0x39, 0x88, 0x8f, 0x0d, 0xad, 0x1c, 0xc4, 
    0xc7, 0x86, 0x56, 0x0e, 0xe2, 0x63, 0x43, 0x6d, 0xc8, 0xc7, 0x06, 0xdb, 
    0x90, 0x8f, 0x0d, 0xb7, 0x21, 0x1f, 0x1b, 0x66, 0x39, 0x80, 0x8f, 0x0d, 
    0xb3, 0x1c, 0xc0, 0xc7, 0x86, 0x59, 0x0e, 0xe0, 0x33, 0x4b, 0x80, 0x13, 
    0x03, 0x15, 0x8e, 0x71, 0x13, 0x6c, 0x39, 0xa4, 0xc4, 0x40, 0x85, 0x63, 
    0xdc, 0x04, 0x5b, 0x0e, 0x29, 0x31, 0x50, 0xe1, 0x18, 0x37, 0xc1, 0x96, 
    0x43, 0x4a, 0x8c, 0x18, 0x2c, 0x00, 0x08, 0x82, 0x81, 0x95, 0xa3, 0x42, 
    0x7e, 0x0a, 0x83, 0x10, 0xec, 0xa6, 0xa0, 0x9b, 0x42, 0x6e, 0x0a, 0x16, 
    0xdc, 0xa4, 0x00, 0x1f, 0xc3, 0xe5, 0x00, 0x27, 0x05, 0xf8, 0x98, 0x10, 
    0xd0, 0x67, 0xc4, 0xe0, 0x00, 0x40, 0x10, 0x0c, 0xc4, 0x00, 0x47, 0x85, 
    0xff, 0x14, 0x5a, 0x52, 0xa0, 0x51, 0x61, 0x34, 0x21, 0x00, 0x2c, 0xc8, 
    0x49, 0x01, 0x3e, 0x23, 0x06, 0x07, 0x00, 0x82, 0x60, 0xf0, 0x8c, 0xa9, 
    0x60, 0xa2, 0x42, 0x90, 0x93, 0x82, 0x05, 0xe9, 0x29, 0xc0, 0x67, 0xc4, 
    0xe0, 0x00, 0x40, 0x10, 0x0c, 0x9e, 0x32, 0x15, 0x50, 0x54, 0x30, 0xc0, 
    0x53, 0x18, 0x31, 0x30, 0x00, 0x10, 0x04, 0x83, 0xa8, 0x4c, 0x05, 0x14, 
    0x15, 0x02, 0x0b, 0x06, 0xf9, 0x8c, 0x18, 0x18, 0x00, 0x08, 0x82, 0x41, 
    0x74, 0xa6, 0x02, 0x8b, 0x0a, 0xc1, 0x68, 0x42, 0x32, 0x8c, 0x18, 0x1c, 
    0x00, 0x08, 0x82, 0xc1, 0xa3, 0xa6, 0x42, 0x8b, 0x0a, 0xc1, 0x7b, 0x0a, 
    0x06, 0x9f, 0x42, 0x40, 0x9f, 0x11, 0x83, 0x03, 0x00, 0x41, 0x30, 0x78, 
    0xd8, 0x54, 0x78, 0x51, 0x81, 0x08, 0x46, 0x0c, 0x0e, 0x00, 0x04, 0xc1, 
    0xe0, 0x69, 0x53, 0x61, 0x45, 0x85, 0x60, 0xb0, 0x20, 0xa1, 0x8f, 0x05, 
    0x96, 0x7c, 0x4c, 0xb0, 0xe4, 0x63, 0x83, 0x25, 0x9f, 0xd1, 0x04, 0x29, 
    0x18, 0x31, 0x38, 0x00, 0x10, 0x04, 0x83, 0x67, 0x4e, 0x85, 0x18, 0x15, 
    0x02, 0xfc, 0x14, 0xec, 0x88, 0xe7, 0x40, 0x3e, 0x86, 0xc4, 0x73, 0x20, 
    0x1f, 0x4b, 0xe2, 0x39, 0x90, 0x8f, 0x21, 0x43, 0x7c, 0x0c, 0x19, 0xe2, 
    0x63, 0xc8, 0x10, 0x1f, 0x1b, 0x0e, 0xf9, 0xd8, 0x80, 0xc8, 0xc7, 0x86, 
    0x44, 0x3e, 0x36, 0x24, 0xf0, 0xb1, 0x21, 0x81, 0x8f, 0x0d, 0x09, 0x7c, 
    0x86, 0x23, 0x9c, 0x12, 0x15, 0x84, 0x6f, 0x96, 0x21, 0x27, 0xc6, 0x22, 
    0x18, 0x31, 0x38, 0x00, 0x10, 0x04, 0x83, 0x27, 0x54, 0x05, 0x32, 0x15, 
    0x88, 0xbb, 0x14, 0x46, 0x0c, 0x0e, 0x00, 0x04, 0xc1, 0xe0, 0x11, 0x55, 
    0xa1, 0x4c, 0x05, 0x02, 0x2f, 0x85, 0x11, 0x83, 0x03, 0x00, 0x41, 0x30, 
    0x78, 0x46, 0x55, 0x30, 0x53, 0x81, 0xc8, 0x4b, 0xc1, 0x86, 0xf0, 0x14, 
    0xe4, 0x33, 0x62, 0x80, 0x00, 0x20, 0x08, 0x06, 0x67, 0xb0, 0xa7, 0x82, 
    0x99, 0x0a, 0xe1, 0x29, 0x0c, 0xc1, 0x88, 0x01, 0x02, 0x80, 0x20, 0x18, 
    0x9c, 0x01, 0x9f, 0x0a, 0x67, 0x2a, 0x84, 0xa7, 0x30, 0x04, 0x66, 0x84, 
    0xa7, 0x20, 0x9f, 0x11, 0x03, 0x04, 0x00, 0x41, 0x30, 0x38, 0x03, 0x3f, 
    0x15, 0xd2, 0x54, 0x08, 0x4f, 0xc1, 0x08, 0x46, 0x0c, 0x10, 0x00, 0x04, 
    0xc1, 0xe0, 0x0c, 0xfe, 0x54, 0x50, 0x53, 0x21, 0x3c, 0x05, 0x23, 0xb0, 
    0x24, 0x3c, 0x05, 0xf9, 0x8c, 0x18, 0x20, 0x00, 0x08, 0x82, 0xc1, 0x19, 
    0x84, 0xaa, 0xc0, 0xa6, 0x42, 0x78, 0x0a, 0x49, 0x30, 0x62, 0x80, 0x00, 
    0x20, 0x08, 0x06, 0x67, 0x20, 0xaa, 0x42, 0x9b, 0x0a, 0xe1, 0x29, 0x24, 
    0xc1, 0x70, 0xc4, 0x31, 0x9a, 0x82, 0xf0, 0x0d, 0x47, 0x14, 0xa4, 0x29, 
    0x08, 0xdf, 0x70, 0xc4, 0x50, 0x9a, 0x82, 0xf0, 0x0d, 0x47, 0x28, 0xa6, 
    0x29, 0x10, 0xdf, 0x70, 0x04, 0x72, 0x9a, 0x02, 0xf1, 0x0d, 0x47, 0x18, 
    0xa8, 0x29, 0x10, 0xdf, 0x19, 0x43, 0x9c, 0x31, 0xc4, 0x19, 0x43, 0x9c, 
    0x31, 0xc4, 0x19, 0x43, 0x9c, 0x31, 0x84, 0x19, 0x43, 0x08, 0xcc, 0x18, 
    0x42, 0x60, 0xc6, 0x10, 0x82, 0x1b, 0x1c, 0xbb, 0xc1, 0xb1, 0x1b, 0x1c, 
    0x1b, 0x31, 0x30, 0x00, 0x10, 0x04, 0x83, 0xc8, 0x57, 0x05, 0x58, 0x15, 
    0xb2, 0x11, 0x03, 0x03, 0x00, 0x41, 0x30, 0x88, 0x7e, 0x55, 0x88, 0x55, 
    0xe1, 0x1a, 0x31, 0x30, 0x00, 0x10, 0x04, 0x83, 0x08, 0x5c, 0x05, 0x59, 
    0x15, 0xaa, 0x11, 0x03, 0x03, 0x00, 0x41, 0x30, 0x88, 0xc2, 0x55, 0x20, 
    0x55, 0x61, 0x18, 0x31, 0x30, 0x00, 0x10, 0x04, 0x83, 0x48, 0x5c, 0x85, 
    0x52, 0x15, 0x86, 0x11, 0x03, 0x03, 0x00, 0x41, 0x30, 0x88, 0xc6, 0x55, 
    0x30, 0x55, 0x61, 0xb0, 0x01, 0x47, 0x05, 0xf9, 0xd8, 0x90, 0xa3, 0x82, 
    0x7c, 0x6c, 0xd0, 0x51, 0x41, 0x3e, 0x23, 0x06, 0x06, 0x00, 0x82, 0x60, 
    0x10, 0x9d, 0xab, 0xc0, 0xaa, 0xc2, 0x30, 0x62, 0x60, 0x00, 0x20, 0x08, 
    0x06, 0x11, 0xba, 0x0a, 0xad, 0x2a, 0x0c, 0x23, 0x06, 0x06, 0x00, 0x82, 
    0x60, 0x10, 0xa5, 0xab, 0xe0, 0xaa, 0xc2, 0x60, 0xc3, 0x23, 0x1f, 0x1b, 
    0x1e, 0xf9, 0xd8, 0xf0, 0xc8, 0xc7, 0x06, 0xfd, 0x14, 0xe4, 0x33, 0x62, 
    0x80, 0x00, 0x20, 0x08, 0x06, 0x67, 0x50, 0xae, 0x02, 0xac, 0x0a, 0xfa, 
    0x29, 0x0c, 0xc1, 0x88, 0x01, 0x02, 0x80, 0x20, 0x18, 0x9c, 0x81, 0xb9, 
    0x0a, 0xb1, 0x2a, 0xe8, 0xa7, 0x30, 0x04, 0x66, 0x94, 0xa8, 0x20, 0x9f, 
    0x11, 0x03, 0x04, 0x00, 0x41, 0x30, 0x38, 0x03, 0x74, 0x15, 0x66, 0x55, 
    0x28, 0x51, 0xc1, 0x08, 0x46, 0x0c, 0x10, 0x00, 0x04, 0xc1, 0xe0, 0x0c, 
    0xd2, 0x55, 0xa0, 0x55, 0xa1, 0x44, 0x05, 0x23, 0xb0, 0xa4, 0x44, 0x05, 
    0xf9, 0x8c, 0x18, 0x20, 0x00, 0x08, 0x82, 0xc1, 0x19, 0xac, 0xab, 0x60, 
    0xab, 0x42, 0x89, 0x0a, 0x49, 0x30, 0x62, 0x80, 0x00, 0x20, 0x08, 0x06, 
    0x67, 0xc0, 0xae, 0xc2, 0xad, 0x0a, 0x25, 0x2a, 0x24, 0x81, 0x11, 0xa5, 
    0x20, 0x1f, 0x13, 0x4c, 0x41, 0x3e, 0x23, 0x06, 0x08, 0x00, 0x82, 0x60, 
    0x70, 0x06, 0xef, 0x2a, 0xe8, 0xaa, 0x20, 0xa2, 0x82, 0x90, 0x8c, 0x18, 
    0x20, 0x00, 0x08, 0x82, 0xc1, 0x19, 0xc0, 0xab, 0xb0, 0xab, 0x82, 0x88, 
    0x0a, 0x42, 0x30, 0x62, 0x80, 0x00, 0x20, 0x08, 0x06, 0x67, 0x10, 0xaf, 
    0x02, 0xaf, 0x0a, 0x22, 0x2a, 0x10, 0xcb, 0x88, 0x01, 0x02, 0x80, 0x20, 
    0x18, 0x9c, 0x81, 0xbc, 0x0a, 0xbd, 0x2a, 0x88, 0xa8, 0x40, 0x04, 0x23, 
    0x06, 0x08, 0x00, 0x82, 0x60, 0x70, 0x06, 0xf3, 0x2a, 0xf8, 0xaa, 0x20, 
    0xa2, 0x82, 0xd1, 0x8c, 0x18, 0x20, 0x00, 0x08, 0x82, 0xc1, 0x19, 0xd0, 
    0xab, 0xf0, 0xab, 0x82, 0x88, 0x0a, 0x46, 0x60, 0x45, 0x21, 0x1f, 0x23, 
    0x08, 0xf9, 0xd8, 0x30, 0xc8, 0xc7, 0x06, 0x44, 0x3e, 0x36, 0x1c, 0xf2, 
    0xb1, 0xc1, 0x90, 0x8f, 0x0d, 0x28, 0x2a, 0xc8, 0x67, 0xc4, 0x00, 0x01, 
    0x40, 0x10, 0x0c, 0xce, 0x80, 0x5f, 0x85, 0x73, 0x15, 0x50, 0x54, 0x18, 
    0x82, 0x11, 0x03, 0x04, 0x00, 0x41, 0x30, 0x38, 0x83, 0x7e, 0x15, 0xd0, 
    0x55, 0x40, 0x51, 0x61, 0x08, 0xcc, 0x40, 0x51, 0x41, 0x3e, 0x23, 0x06, 
    0x08, 0x00, 0x82, 0x60, 0x70, 0x06, 0xff, 0x2a, 0xa8, 0xab, 0x80, 0xa2, 
    0x82, 0x11, 0x8c, 0x18, 0x20, 0x00, 0x08, 0x82, 0xc1, 0x19, 0x80, 0xac, 
    0xb0, 0xae, 0x02, 0x8a, 0x0a, 0x46, 0x60, 0x09, 0x8a, 0x0a, 0xf2, 0x19, 
    0x31, 0x40, 0x00, 0x10, 0x04, 0x83, 0x33, 0x10, 0x59, 0xa1, 0x5d, 0x05, 
    0x14, 0x15, 0x92, 0x60, 0xc4, 0x00, 0x01, 0x40, 0x10, 0x0c, 0xce, 0x60, 
    0x64, 0x05, 0x77, 0x15, 0x50, 0x54, 0x48, 0x82, 0x11, 0x03, 0x03, 0x00, 
    0x41, 0x30, 0xf8, 0x4e, 0x56, 0x48, 0x57, 0xe1, 0x98, 0x6e, 0x40, 0x4a, 
    0x54, 0x08, 0x46, 0x0c, 0x0c, 0x00, 0x04, 0xc1, 0xe0, 0x4b, 0x59, 0x61, 
    0x5d, 0x05, 0x63, 0xba, 0xe1, 0x38, 0x51, 0x21, 0x18, 0x31, 0x30, 0x00, 
    0x10, 0x04, 0x83, 0x6f, 0x65, 0x85, 0x76, 0x15, 0x8a, 0xe9, 0x06, 0x23, 
    0x45, 0x85, 0x60, 0xc4, 0x60, 0x01, 0x40, 0x10, 0x0c, 0xac, 0x98, 0x15, 
    0xe2, 0x55, 0x28, 0x86, 0x60, 0x56, 0x05, 0x59, 0x15, 0x62, 0x55, 0x18, 
    0x8e, 0x08, 0x5e, 0x55, 0x10, 0xbe, 0x59, 0x06, 0x9d, 0x08, 0x8b, 0xc0, 
    0x04, 0x50, 0x15, 0xe4, 0x63, 0x03, 0xa8, 0x0a, 0xf2, 0x31, 0x02, 0x54, 
    0x05, 0xf9, 0x0c, 0x47, 0x28, 0x2f, 0x2a, 0x10, 0xdf, 0x70, 0x04, 0xb1, 
    0x08, 0x5f, 0x09, 0x81, 0xce, 0x32, 0xec, 0x04, 0x4f, 0x04, 0x66, 0x34, 
    0xf1, 0x19, 0x31, 0x30, 0x00, 0x10, 0x04, 0x83, 0x88, 0x67, 0x05, 0x97, 
    0x15, 0x82, 0xe1, 0x88, 0x00, 0x57, 0x05, 0xe1, 0xb3, 0x64, 0xa0, 0xcf, 
    0x74, 0x43, 0x50, 0xae, 0x82, 0x30, 0x62, 0x70, 0x00, 0x20, 0x08, 0x06, 
    0x4f, 0xd8, 0x0a, 0xff, 0x2a, 0x98, 0xab, 0x10, 0xcc, 0x12, 0xf0, 0xc4, 
    0x40, 0x85, 0x23, 0xec, 0x84, 0x6b, 0x13, 0x3a, 0x31, 0x1c, 0x21, 0xe5, 
    0xa8, 0x40, 0x7c, 0xc3, 0x11, 0xcd, 0x24, 0x7c, 0x25, 0x04, 0x3a, 0xcb, 
    0xd0, 0x13, 0x3e, 0x11, 0xd8, 0x53, 0xc5, 0x67, 0xc4, 0xc0, 0x00, 0x40, 
    0x10, 0x0c, 0x22, 0xb3, 0x15, 0x70, 0x56, 0x08, 0x86, 0x23, 0x02, 0x71, 
    0x15, 0x84, 0xcf, 0xa4, 0x81, 0x3e, 0xd3, 0x0d, 0xc1, 0xbb, 0x0a, 0xc2, 
    0x88, 0xc1, 0x01, 0x80, 0x20, 0x18, 0x3c, 0x6b, 0x2b, 0xa4, 0xac, 0x90, 
    0x04, 0xb3, 0x04, 0x3e, 0x31, 0x50, 0xe1, 0x08, 0x3d, 0x41, 0xf1, 0xc4, 
    0x70, 0x84, 0x36, 0xa6, 0x02, 0xf1, 0x0d, 0x47, 0x58, 0x9b, 0xf0, 0x95, 
    0x10, 0xe8, 0x2c, 0xc3, 0x4f, 0x80, 0x45, 0x60, 0x58, 0x17, 0x9f, 0x11, 
    0x03, 0x03, 0x00, 0x41, 0x30, 0x88, 0xe0, 0x56, 0x10, 0x5b, 0x21, 0x18, 
    0x8e, 0x08, 0xd8, 0x55, 0x10, 0x3e, 0xdb, 0x06, 0xfa, 0x4c, 0x37, 0x04, 
    0xf9, 0x2a, 0x08, 0x23, 0x06, 0x07, 0x00, 0x82, 0x60, 0xf0, 0xd4, 0xad, 
    0x30, 0xb3, 0x42, 0x12, 0xcc, 0x12, 0x80, 0xc5, 0x40, 0x85, 0x23, 0xfc, 
    0x04, 0xe5, 0x13, 0x23, 0x06, 0x06, 0x00, 0x82, 0x60, 0xf0, 0xc1, 0xad, 
    0x20, 0xb3, 0x42, 0x30, 0xdd, 0x20, 0xf4, 0xab, 0x10, 0x8c, 0x18, 0x18, 
    0x00, 0x08, 0x82, 0x41, 0x84, 0xb7, 0x82, 0xcf, 0x0a, 0xc1, 0x2c, 0x41, 
    0x58, 0x0c, 0x54, 0x38, 0x02, 0x58, 0xf8, 0x37, 0x91, 0x13, 0xc3, 0x11, 
    0x01, 0xc8, 0x0a, 0xcc, 0x37, 0xcb, 0x20, 0x16, 0x63, 0x11, 0x8c, 0x18, 
    0x2c, 0x00, 0x08, 0x82, 0x81, 0x95, 0xb7, 0x42, 0xce, 0x0a, 0x75, 0x20, 
    0x07, 0x6f, 0xb0, 0xaf, 0x82, 0xbe, 0x0a, 0xf9, 0x2a, 0x58, 0x70, 0xae, 
    0x82, 0x7c, 0x4c, 0x38, 0x57, 0x41, 0x3e, 0x36, 0x9c, 0xab, 0x20, 0x9f, 
    0x11, 0x83, 0x03, 0x00, 0x41, 0x30, 0x78, 0x40, 0x57, 0x18, 0x5b, 0x61, 
    0xb0, 0x53, 0x61, 0xc4, 0xe0, 0x00, 0x40, 0x10, 0x0c, 0x9e, 0xd0, 0x15, 
    0xc8, 0x56, 0x18, 0xee, 0x54, 0x18, 0x31, 0x38, 0x00, 0x10, 0x04, 0x83, 
    0x47, 0x74, 0x85, 0xb2, 0x15, 0x06, 0x3c, 0x15, 0x8c, 0x0f, 0x8c, 0xf8, 
    0x98, 0x1e, 0x18, 0xf1, 0x31, 0x3c, 0x30, 0xe2, 0x63, 0x03, 0x23, 0x1f, 
    0x1b, 0x1a, 0xf9, 0xd8, 0xe0, 0xc8, 0xc7, 0x06, 0x06, 0x3e, 0x36, 0x30, 
    0xf0, 0xb1, 0x81, 0x81, 0xcf, 0x88, 0x81, 0x01, 0x80, 0x20, 0x18, 0x7c, 
    0xa5, 0x2b, 0x9c, 0xad, 0x30, 0x4c, 0x37, 0x10, 0x4d, 0x30, 0x62, 0x60, 
    0x00, 0x20, 0x08, 0x06, 0xdf, 0xe9, 0x0a, 0x69, 0x2b, 0x10, 0xd3, 0x0d, 
    0x85, 0x13, 0x8c, 0x18, 0x18, 0x00, 0x08, 0x82, 0xc1, 0x97, 0xba, 0xc2, 
    0xda, 0x0a, 0xc5, 0x74, 0x83, 0xf1, 0x04, 0xb3, 0x04, 0x63, 0x31, 0xd0, 
    0xe1, 0xa8, 0x09, 0x4e, 0x28, 0x62, 0x61, 0x13, 0x61, 0x31, 0xd0, 0xe1, 
    0xa8, 0x09, 0x4e, 0x20, 0x62, 0x21, 0x13, 0x61, 0x31, 0xd0, 0xe1, 0xa8, 
    0x09, 0x4e, 0x18, 0x62, 0xe1, 0x12, 0x61, 0x31, 0x9a, 0xd0, 0xd7, 0xc1, 
    0x30, 0xdc, 0x10, 0x98, 0xae, 0x00, 0x06, 0xb3, 0x0c, 0x64, 0x71, 0x16, 
    0xc1, 0x2c, 0x43, 0x59, 0xb0, 0x85, 0xc8, 0x07, 0x23, 0x06, 0x07, 0x00, 
    0x82, 0x60, 0xf0, 0xdc, 0xae, 0xa0, 0xb7, 0x82, 0x9d, 0x07, 0xad, 0x2a, 
    0x8c, 0x18, 0x1c, 0x00, 0x08, 0x82, 0xc1, 0x83, 0xbb, 0xc2, 0xde, 0x0a, 
    0x76, 0x1e, 0xb8, 0xaa, 0x30, 0x62, 0x70, 0x00, 0x20, 0x08, 0x06, 0x4f, 
    0xee, 0x0a, 0x7c, 0x2b, 0xd8, 0x79, 0xf0, 0xaa, 0xc2, 0x88, 0xc1, 0x01, 
    0x80, 0x20, 0x18, 0x3c, 0xba, 0x2b, 0xf4, 0xad, 0x20, 0x04, 0x23, 0x06, 
    0x07, 0x00, 0x82, 0x60, 0xf0, 0xec, 0xae, 0xe0, 0xb7, 0x02, 0x11, 0x8c, 
    0x18, 0x1c, 0x00, 0x08, 0x82, 0xc1, 0xc3, 0xbb, 0x82, 0xde, 0x0a, 0x41, 
    0xad, 0x0a, 0xc3, 0x11, 0x01, 0xce, 0x0a, 0xca, 0x37, 0xcb, 0x60, 0x16, 
    0x6c, 0x11, 0x98, 0x20, 0xc8, 0xc7, 0xc8, 0x56, 0x08, 0xe2, 0x33, 0x62, 
    0x70, 0x00, 0x20, 0x08, 0x06, 0x0f, 0xf8, 0x0a, 0xa3, 0x2b, 0x04, 0x3a, 
    0x2b, 0x8c, 0x18, 0x18, 0x00, 0x08, 0x82, 0x41, 0x04, 0xbe, 0xc2, 0xdc, 
    0x0a, 0x81, 0x05, 0x86, 0x7c, 0x2c, 0x38, 0xe8, 0x63, 0x41, 0x23, 0x1f, 
    0x13, 0x1a, 0xf9, 0xd8, 0xd0, 0xc8, 0x67, 0x96, 0x80, 0x2d, 0x86, 0x1b, 
    0xa4, 0xda, 0x15, 0xc2, 0xa0, 0x66, 0x3e, 0x70, 0x5b, 0x81, 0x4b, 0x08, 
    0x76, 0xba, 0x01, 0x4b, 0xf5, 0x60, 0x98, 0x6e, 0xc0, 0x52, 0x3d, 0x20, 
    0xa6, 0x1b, 0xb0, 0x54, 0x0f, 0x8a, 0x59, 0x06, 0xb6, 0x40, 0x0b, 0x62, 
    0xc4, 0xe0, 0x00, 0x40, 0x10, 0x0c, 0x9e, 0xf6, 0x15, 0x60, 0x57, 0x60, 
    0xf5, 0x60, 0x5c, 0x85, 0x11, 0x83, 0x03, 0x00, 0x41, 0x30, 0x78, 0xdc, 
    0x57, 0x88, 0x5d, 0x81, 0xd5, 0x03, 0x72, 0x15, 0x46, 0x0c, 0x0e, 0x00, 
    0x04, 0xc1, 0xe0, 0x79, 0x5f, 0x41, 0x76, 0x05, 0x56, 0x0f, 0xca, 0x55, 
    0x18, 0x31, 0x38, 0x00, 0x10, 0x04, 0x83, 0x07, 0x7e, 0x85, 0xd9, 0x15, 
    0x84, 0x60, 0xc4, 0xe0, 0x00, 0x40, 0x10, 0x0c, 0x9e, 0xf8, 0x15, 0x68, 
    0x57, 0x20, 0x82, 0xe1, 0x88, 0xa0, 0x6d, 0x05, 0xe5, 0x9b, 0x65, 0x48, 
    0x0b, 0xb6, 0x08, 0x86, 0x23, 0x84, 0xb5, 0x15, 0x94, 0x6f, 0x96, 0x41, 
    0x2d, 0xd6, 0x22, 0xb0, 0x01, 0x6c, 0x05, 0xf8, 0x58, 0xb0, 0xb3, 0x82, 
    0x7c, 0x46, 0x0c, 0x0e, 0x00, 0x04, 0xc1, 0xe0, 0xb1, 0x5f, 0x81, 0x76, 
    0x85, 0xe0, 0x5d, 0x05, 0x0b, 0x02, 0xf9, 0x58, 0xdf, 0x0a, 0x41, 0x7c, 
    0x46, 0x0c, 0x0e, 0x00, 0x04, 0xc1, 0xe0, 0xc9, 0x5f, 0x81, 0x77, 0x85, 
    0x60, 0x6e, 0x85, 0x11, 0x03, 0x03, 0x00, 0x41, 0x30, 0x88, 0xf2, 0x57, 
    0x60, 0x5d, 0x21, 0xb0, 0x42, 0x6c, 0x05, 0xf9, 0x58, 0x20, 0xc8, 0xc7, 
    0x82, 0xba, 0x15, 0xe0, 0x33, 0x4b, 0xb0, 0x16, 0x03, 0x15, 0x8e, 0xa0, 
    0x16, 0x5a, 0x5a, 0x58, 0xe0, 0xd0, 0xc7, 0x82, 0x49, 0x3e, 0x26, 0x4c, 
    0xf2, 0xb1, 0x61, 0x92, 0xcf, 0x2c, 0x01, 0x5b, 0x0c, 0xd4, 0x38, 0x72, 
    0x70, 0x16, 0xa4, 0x3d, 0x90, 0x85, 0x1f, 0x98, 0x05, 0x2e, 0x94, 0x85, 
    0xb1, 0x16, 0x6c, 0x80, 0x16, 0x03, 0x35, 0x8e, 0x1c, 0x9c, 0x05, 0x69, 
    0x0f, 0x64, 0xe1, 0x07, 0x66, 0x81, 0x0b, 0x65, 0x61, 0xac, 0x05, 0x1b, 
    0xa0, 0xc5, 0x40, 0x8d, 0x23, 0x07, 0x67, 0x41, 0xda, 0x03, 0x59, 0xf8, 
    0x81, 0x59, 0xe0, 0x42, 0x59, 0x18, 0x6b, 0xc1, 0x06, 0x68, 0x61, 0x03, 
    0xa9, 0x07, 0xf2, 0xb1, 0xa1, 0xd4, 0x03, 0xf9, 0xd8, 0x60, 0xea, 0x81, 
    0x7c, 0x86, 0x1b, 0x42, 0x3f, 0xe0, 0x5f, 0x21, 0x0c, 0xa6, 0x1b, 0x78, 
    0x3d, 0x20, 0x82, 0xe9, 0x06, 0x5e, 0x0f, 0x08, 0x61, 0xba, 0x81, 0xd7, 
    0x03, 0x62, 0x18, 0x6e, 0x18, 0xfd, 0x00, 0x84, 0x85, 0x30, 0x98, 0x6e, 
    0x20, 0x59, 0x81, 0x08, 0xa6, 0x1b, 0x4a, 0x56, 0x20, 0x84, 0xe9, 0x06, 
    0x93, 0x15, 0x88, 0x61, 0xb8, 0x01, 0xf5, 0x03, 0x12, 0x16, 0xc0, 0x60, 
    0x96, 0x21, 0x2f, 0xda, 0x22, 0x18, 0x4d, 0x50, 0xf5, 0x20, 0x18, 0x6e, 
    0x08, 0x4c, 0x58, 0x00, 0x83, 0x59, 0x06, 0xb8, 0x70, 0x8b, 0x60, 0xc4, 
    0xa0, 0x01, 0x40, 0x10, 0x0c, 0x28, 0x19, 0x16, 0xe8, 0x57, 0x38, 0x59, 
    0xe1, 0x84, 0x85, 0x13, 0x16, 0x4e, 0x58, 0xd0, 0x5f, 0x41, 0x7f, 0x05, 
    0xfd, 0x15, 0xf4, 0x57, 0x18, 0x4d, 0x08, 0x80, 0xe1, 0x88, 0x20, 0x76, 
    0x05, 0xe1, 0x1b, 0x8e, 0x10, 0x4e, 0x57, 0x20, 0xbe, 0x12, 0x02, 0x9d, 
    0x65, 0x78, 0x0b, 0xb8, 0x08, 0x46, 0x0c, 0x0e, 0x00, 0x04, 0xc1, 0x40, 
    0x0c, 0x62, 0x58, 0xc0, 0x5f, 0xc1, 0x64, 0x85, 0xf6, 0x15, 0x46, 0x13, 
    0x02, 0xc1, 0x02, 0x83, 0x3e, 0x23, 0x06, 0x07, 0x00, 0x82, 0x60, 0xf0, 
    0xf0, 0xb0, 0xf0, 0xbf, 0x42, 0xb0, 0xba, 0xc2, 0x88, 0xc1, 0x01, 0x80, 
    0x20, 0x18, 0x3c, 0x3d, 0x2c, 0xec, 0xaf, 0x10, 0xac, 0xae, 0x30, 0x4b, 
    0x10, 0x17, 0x23, 0x06, 0x07, 0x00, 0x82, 0x60, 0x20, 0x06, 0x36, 0x2c, 
    0xf4, 0xaf, 0xb0, 0xb2, 0x42, 0x0c, 0x0b, 0xa3, 0x09, 0x41, 0x30, 0x62, 
    0x70, 0x00, 0x20, 0x08, 0x06, 0x0f, 0x18, 0x0b, 0x23, 0x2c, 0x04, 0xad, 
    0x2b, 0xcc, 0x12, 0xc4, 0xc5, 0x40, 0x85, 0x83, 0xbc, 0x85, 0x00, 0x17, 
    0xb3, 0x0c, 0x74, 0x21, 0x17, 0xcf, 0x88, 0x41, 0x03, 0x80, 0x20, 0x18, 
    0x50, 0x60, 0x2c, 0x88, 0xb0, 0x50, 0xb3, 0x42, 0x0d, 0x0b, 0x35, 0x2c, 
    0xd4, 0xb0, 0x80, 0xc2, 0x02, 0x0a, 0x0b, 0x28, 0x2c, 0xa0, 0xb0, 0x30, 
    0x9a, 0x10, 0x00, 0xc3, 0x11, 0xc1, 0xef, 0x0a, 0xc2, 0x37, 0x1c, 0x21, 
    0xd4, 0xae, 0x40, 0x7c, 0x25, 0x04, 0x3a, 0xcb, 0x30, 0x17, 0x74, 0x11, 
    0x8c, 0x18, 0x1c, 0x00, 0x08, 0x82, 0x81, 0x18, 0xfc, 0xb0, 0x60, 0xc2, 
    0x02, 0xcd, 0x0a, 0xfb, 0x2b, 0x8c, 0x26, 0x04, 0x82, 0x05, 0x06, 0x7d, 
    0x46, 0x0c, 0x0e, 0x00, 0x04, 0xc1, 0xe0, 0x51, 0x63, 0xa1, 0x85, 0x85, 
    0x20, 0x77, 0x85, 0x11, 0x83, 0x03, 0x00, 0x41, 0x30, 0x78, 0xd6, 0x58, 
    0x48, 0x61, 0x21, 0xc8, 0x5d, 0x61, 0x96, 0xa0, 0x2e, 0x46, 0x0c, 0x0e, 
    0x00, 0x04, 0xc1, 0x40, 0x0c, 0xc8, 0x58, 0x58, 0x61, 0x21, 0x67, 0x85, 
    0x1f, 0x16, 0x46, 0x13, 0x82, 0x60, 0xc4, 0xe0, 0x00, 0x40, 0x10, 0x0c, 
    0x1e, 0x37, 0x16, 0x62, 0x58, 0x08, 0x76, 0x57, 0x98, 0x25, 0xa8, 0x8b, 
    0x81, 0x0a, 0x07, 0x99, 0x0b, 0x81, 0x2e, 0x66, 0x19, 0xf0, 0xc2, 0x2e, 
    0xba, 0x11, 0x83, 0x06, 0x00, 0x41, 0x30, 0xa0, 0xdc, 0x58, 0x80, 0x61, 
    0x61, 0x6c, 0x85, 0x31, 0x16, 0xc6, 0x58, 0x18, 0x63, 0xc1, 0x86, 0x05, 
    0x1b, 0x16, 0x6c, 0x58, 0xb0, 0x61, 0x61, 0x34, 0x21, 0x00, 0x86, 0x23, 
    0x82, 0xf6, 0x15, 0x84, 0x6f, 0x38, 0x42, 0x18, 0x5f, 0x81, 0xf8, 0x4a, 
    0x08, 0x74, 0x96, 0xe1, 0x2e, 0xf0, 0x22, 0x18, 0x31, 0x38, 0x00, 0x10, 
    0x04, 0x03, 0x31, 0x68, 0x63, 0x81, 0x86, 0x05, 0xb1, 0x15, 0x52, 0x58, 
    0x18, 0x4d, 0x08, 0x04, 0x0b, 0x0c, 0xfa, 0x8c, 0x18, 0x1c, 0x00, 0x08, 
    0x82, 0xc1, 0x83, 0xc7, 0xc2, 0x0e, 0x0b, 0xc1, 0xf9, 0x0a, 0x23, 0x06, 
    0x07, 0x00, 0x82, 0x60, 0xf0, 0xe4, 0xb1, 0x70, 0xc3, 0x42, 0x70, 0xbe, 
    0xc2, 0x2c, 0x41, 0x5e, 0x8c, 0x18, 0x1c, 0x00, 0x08, 0x82, 0x81, 0x18, 
    0xc8, 0xb1, 0x90, 0xc3, 0xc2, 0xd9, 0x0a, 0x6d, 0x2c, 0x8c, 0x26, 0x04, 
    0xc1, 0x88, 0xc1, 0x01, 0x80, 0x20, 0x18, 0x3c, 0x7c, 0x2c, 0xfc, 0xb0, 
    0x10, 0xa4, 0xaf, 0x30, 0x4b, 0x90, 0x17, 0x03, 0x1d, 0x8e, 0x2f, 0xb0, 
    0x05, 0x1e, 0xdc, 0x05, 0x1e, 0xe0, 0xc5, 0x40, 0x87, 0xe3, 0x0b, 0x6c, 
    0xe1, 0xdd, 0x85, 0x87, 0x17, 0x03, 0x1d, 0x8e, 0x2f, 0xb0, 0x05, 0x73, 
    0x17, 0x06, 0x5e, 0x8c, 0x18, 0x1c, 0x00, 0x08, 0x82, 0xc1, 0x03, 0xca, 
    0xc2, 0x18, 0x0b, 0x83, 0xdd, 0x0a, 0x23, 0x06, 0x07, 0x00, 0x82, 0x60, 
    0xf0, 0x84, 0xb2, 0x40, 0xc6, 0xc2, 0x70, 0xb7, 0xc2, 0x88, 0xc1, 0x01, 
    0x80, 0x20, 0x18, 0x3c, 0xa2, 0x2c, 0x94, 0xb1, 0x30, 0xe0, 0xad, 0x30, 
    0x62, 0xe0, 0x00, 0x20, 0x08, 0x06, 0xd8, 0x1f, 0x0b, 0x3d, 0x2c, 0xdc, 
    0xad, 0xf0, 0xb6, 0x82, 0xdb, 0x0a, 0x69, 0x2c, 0x0c, 0x42, 0x20, 0xf3, 
    0x81, 0x0b, 0x0b, 0xb3, 0x04, 0x7a, 0x81, 0x00, 0x00, 0x00, 0x00, 0x00
    
};
